accounting_error,adverse_selection_cost,average_quoted_spread_ticks,external_cancel_count,external_event_count,external_limit_count,external_market_count,external_successful_cancel_count,external_trade_count,external_unfilled_market_quantity,fees,fill_count,fill_rate,final_inventory,final_pnl,final_wealth,inventory_mark_to_market,liquidation_count,liquidation_pnl,max_abs_inventory,max_drawdown,max_queue_ahead_at_entry,mean_abs_inventory,mean_queue_ahead_at_entry,quote_count,seed,spread_capture,strategy,terminal_liquidation_unfilled,time_at_inventory_limit
-1.5716032641943656e-11,-0.09,2.67,424.0,992.0,514.0,54.0,422.0,100.0,10.0,0.05999999999999999,11.0,0.055,0.0,0.02999999998428393,100000.02999999998,0.13999999999999996,1.0,0.08,1.0,0.26000000002386514,7.0,0.900497512437811,1.5454545454545454,200.0,0.0,-0.13,naive_symmetric,0.0,0.0
1.105959768210596e-11,0.020000000000000014,2.86,421.0,979.0,505.0,53.0,419.0,115.0,20.0,0.14000000000000004,24.0,0.12,0.0,-0.6599999999889405,99999.34000000001,0.04999999999999988,1.0,-0.6,5.0,0.5300000000133878,15.0,1.6965174129353233,2.2916666666666665,200.0,0.0,0.030000000000000013,inventory_skew,0.0,0.0
-2.3282209493658e-12,-0.01,28.11,435.0,1002.0,521.0,46.0,434.0,81.0,9.0,0.01,1.0,0.005,0.0,0.059999999997671694,100000.06,0.12999999999999992,1.0,-0.12,1.0,0.1900000000023283,0.0,0.9751243781094527,0.0,200.0,0.0,0.06,avellaneda_stoikov,0.0,0.0
-9.31327237552182e-12,-0.07999999999999999,2.68,434.0,987.0,510.0,43.0,432.0,86.0,50.0,0.1,16.0,0.08,0.0,-0.010000000009313226,99999.98999999999,-0.010000000000000009,1.0,-0.44,6.0,0.8800000000046566,19.0,3.5323383084577116,1.5625,200.0,1.0,0.54,naive_symmetric,0.0,0.0
2.1536994410098487e-11,-0.039999999999999994,2.955,433.0,989.0,512.0,44.0,431.0,94.0,51.0,0.07999999999999999,14.0,0.07,0.0,-0.42999999997846317,99999.57000000002,-0.06000000000000012,1.0,-0.4,6.0,0.5700000000069849,19.0,2.5074626865671643,3.7142857142857144,200.0,1.0,0.10999999999999999,inventory_skew,0.0,0.0
-4.656622309973102e-12,-0.03,25.01,436.0,996.0,533.0,27.0,432.0,53.0,29.0,0.02,4.0,0.02,0.0,0.11999999999534339,100000.12,-0.010000000000000004,0.0,0.0,1.0,0.04999999998835847,11.0,0.06467661691542288,2.75,200.0,1.0,0.15000000000000002,avellaneda_stoikov,0.0,0.0
-1.1641576591614466e-11,0.039999999999999994,2.555,427.0,986.0,506.0,53.0,425.0,104.0,12.0,0.06999999999999999,14.0,0.07,0.0,-0.20000000001164153,99999.79999999999,-0.30999999999999994,0.0,0.0,3.0,0.6650000000081491,13.0,1.5621890547263682,4.0,200.0,2.0,0.18,naive_symmetric,0.0,0.0
1.455180420606439e-11,0.039999999999999994,2.915,427.0,986.0,506.0,53.0,425.0,105.0,12.0,0.06999999999999999,14.0,0.07,0.0,-0.24999999998544808,99999.75000000001,-0.30999999999999994,0.0,0.0,3.0,0.6449999999749707,10.0,1.5621890547263682,3.642857142857143,200.0,2.0,0.13000000000000003,inventory_skew,0.0,0.0
3.4925257130780096e-12,0.0,20.73267326732673,235.0,600.0,342.0,23.0,233.0,43.0,7.0,0.02,4.0,0.02,0.0,-0.08999999999650754,99999.91,-0.24000000000000007,0.0,0.0,2.0,0.3200000000069849,0.0,1.8258706467661692,0.0,200.0,2.0,0.17,avellaneda_stoikov,0.0,0.0
4.657052521395144e-12,0.01,2.5808823529411766,337.0,833.0,445.0,51.0,336.0,122.0,80.0,0.2600000000000001,42.0,0.21,0.0,-0.11999999999534339,99999.88,-0.63,4.0,-0.7000000000000001,10.0,1.1549999999988358,13.0,6.213930348258707,1.0476190476190477,200.0,3.0,1.4699999999999998,naive_symmetric,0.0,0.31840796019900497
-6.985023670580404e-12,0.09000000000000001,2.935,425.0,980.0,513.0,42.0,425.0,85.0,44.0,0.12000000000000004,23.0,0.115,0.0,-0.3200000000069849,99999.68,7.28583859910259e-17,1.0,-0.12,4.0,0.5300000000133878,8.0,1.5174129353233832,1.173913043478261,200.0,3.0,-0.07999999999999993,inventory_skew,0.0,0.0
-5.238962041964612e-12,-0.03,28.48,440.0,1001.0,534.0,27.0,435.0,49.0,14.0,0.02,2.0,0.01,0.0,0.00999999999476131,100000.01,0.050000000000000266,1.0,-0.1,2.0,0.41999999999825377,0.0,1.935323383084577,0.0,200.0,3.0,0.08,avellaneda_stoikov,0.0,0.0
0.0,0.0,2.825,438.0,1000.0,521.0,41.0,438.0,81.0,0.0,0.0,0.0,0.0,0.0,0.0,100000.0,0.0,0.0,0.0,0.0,0.0,0.0,0.0,0.0,200.0,4.0,0.0,naive_symmetric,0.0,0.0
0.0,0.0,2.825,438.0,1000.0,521.0,41.0,438.0,81.0,0.0,0.0,0.0,0.0,0.0,0.0,100000.0,0.0,0.0,0.0,0.0,0.0,0.0,0.0,0.0,200.0,4.0,0.0,inventory_skew,0.0,0.0
0.0,0.0,27.09,443.0,1000.0,509.0,48.0,437.0,81.0,0.0,0.0,0.0,0.0,0.0,0.0,100000.0,0.0,0.0,0.0,0.0,0.0,0.0,0.0,0.0,200.0,4.0,0.0,avellaneda_stoikov,0.0,0.0
-3.2014946249603327e-11,0.009999999999999998,2.686868686868687,422.0,980.0,514.0,44.0,420.0,83.0,34.0,0.14,19.0,0.095,0.0,-0.5500000000320142,99999.44999999997,-1.8199999999999992,1.0,0.9,10.0,2.4250000000029104,5.0,7.3283582089552235,0.3157894736842105,200.0,5.0,0.5100000000000001,naive_symmetric,0.0,0.009950248756218905
4.249167684378108e-11,-0.010000000000000004,2.92,415.0,974.0,512.0,47.0,413.0,95.0,50.0,0.13000000000000003,26.0,0.13,0.0,-0.7199999999575084,99999.28000000004,-1.16,0.0,0.0,8.0,1.4149999999790452,13.0,2.810945273631841,1.8076923076923077,200.0,5.0,0.5699999999999998,inventory_skew,0.0,0.0
0.0,0.0,28.46,445.0,1000.0,522.0,33.0,443.0,64.0,0.0,0.0,0.0,0.0,0.0,0.0,100000.0,0.0,0.0,0.0,0.0,0.0,0.0,0.0,0.0,200.0,5.0,0.0,avellaneda_stoikov,0.0,0.0
3.667421921704772e-11,-0.029999999999999992,2.2857142857142856,264.0,655.0,350.0,41.0,261.0,82.0,40.0,0.14,18.0,0.09,0.0,-1.0699999999633292,99998.93000000004,2.509999999999997,3.0,-5.0,10.0,5.445000000006985,2.0,8.696517412935323,0.2222222222222222,200.0,6.0,1.5599999999999998,naive_symmetric,0.0,0.8208955223880597
4.656608432185294e-12,-0.06,2.97,434.0,994.0,511.0,49.0,433.0,89.0,28.0,0.049999999999999996,9.0,0.045,0.0,-0.11999999999534339,99999.88,0.53,1.0,-0.44,2.0,0.375,11.0,1.3034825870646767,1.2222222222222223,200.0,6.0,-0.16000000000000003,inventory_skew,0.0,0.0
-6.402843533148683e-12,-0.05,28.6,438.0,998.0,523.0,37.0,434.0,70.0,7.0,0.01,2.0,0.01,0.0,0.03999999999359716,100000.04,0.02,0.0,0.0,1.0,0.005000000004656613,8.0,0.004975124378109453,4.0,200.0,6.0,0.03,avellaneda_stoikov,0.0,0.0
-1.746477962250026e-12,-0.03,2.78,439.0,997.0,517.0,41.0,439.0,78.0,13.0,0.049999999999999996,6.0,0.03,0.0,-0.08000000000174623,99999.92,-0.09999999999999976,2.0,-0.04,4.0,0.6399999999994179,7.0,3.616915422885572,1.3333333333333333,200.0,7.0,0.11,naive_symmetric,0.0,0.0
-1.734723475976807e-18,0.0,2.8,442.0,998.0,518.0,38.0,442.0,65.0,8.0,0.01,2.0,0.01,0.0,0.0,100000.0,0.05,0.0,0.0,1.0,0.05499999999301508,0.0,0.05970149253731343,0.0,200.0,7.0,-0.04,inventory_skew,0.0,0.0
0.0,0.0,27.365,442.0,1000.0,523.0,35.0,437.0,74.0,0.0,0.0,0.0,0.0,0.0,0.0,100000.0,0.0,0.0,0.0,0.0,0.0,0.0,0.0,0.0,200.0,7.0,0.0,avellaneda_stoikov,0.0,0.0
1.1642908859244017e-12,0.05,2.8,435.0,1001.0,527.0,39.0,435.0,68.0,0.0,0.02,2.0,0.01,0.0,-0.029999999998835847,99999.97,0.38999999999999985,1.0,-0.36,2.0,0.2599999999947613,13.0,1.9203980099502487,10.5,200.0,8.0,-0.04,naive_symmetric,0.0,0.0
1.6653345369377348e-16,0.06000000000000001,2.925,433.0,994.0,515.0,46.0,433.0,99.0,0.0,0.049999999999999996,9.0,0.045,0.0,0.0,100000.0,-0.34000000000000014,1.0,0.12,2.0,0.35499999999592546,13.0,0.8109452736318408,6.888888888888889,200.0,8.0,0.26999999999999996,inventory_skew,0.0,0.0
0.0,0.0,27.23,445.0,1000.0,519.0,36.0,440.0,64.0,0.0,0.0,0.0,0.0,0.0,0.0,100000.0,0.0,0.0,0.0,0.0,0.0,0.0,0.0,0.0,200.0,8.0,0.0,avellaneda_stoikov,0.0,0.0
1.0477230194538834e-11,0.01,2.92,435.0,1002.0,526.0,41.0,435.0,83.0,0.0,0.01,1.0,0.005,0.0,-0.01999999998952262,99999.98000000001,-0.19999999999999984,1.0,0.18,1.0,0.41999999999825377,7.0,0.9651741293532339,7.0,200.0,9.0,0.01,naive_symmetric,0.0,0.0
1.0477230194538834e-11,0.01,2.97,435.0,1002.0,526.0,41.0,435.0,83.0,0.0,0.01,1.0,0.005,0.0,-0.01999999998952262,99999.98000000001,-0.19999999999999984,1.0,0.18,1.0,0.41999999999825377,7.0,0.9651741293532339,7.0,200.0,9.0,0.01,inventory_skew,0.0,0.0
-4.0745185003743245e-12,-0.02,28.005,441.0,1002.0,507.0,54.0,438.0,107.0,0.0,0.01,1.0,0.005,0.0,-0.020000000004074536,99999.98,0.02,1.0,-0.24,0.0,0.0,4.0,0.0,4.0,200.0,9.0,0.21,avellaneda_stoikov,0.0,0.0
1.979039154775819e-11,-0.009999999999999998,2.7,434.0,997.0,519.0,44.0,434.0,81.0,0.0,0.04,6.0,0.03,0.0,-0.009999999980209395,99999.99000000002,0.4700000000000002,1.0,-1.0,3.0,0.7249999999912689,3.0,1.4577114427860696,0.8333333333333334,200.0,10.0,0.56,naive_symmetric,0.0,0.0
3.841693629880183e-11,-0.09,2.845,429.0,990.0,512.0,49.0,429.0,96.0,0.0,0.06999999999999999,13.0,0.065,0.0,0.010000000038417056,100000.01000000004,0.8000000000000002,1.0,-0.51,2.0,1.9699999999720603,11.0,0.7810945273631841,2.230769230769231,200.0,10.0,-0.21000000000000002,inventory_skew,0.0,0.0
0.0,0.0,29.69,430.0,1000.0,522.0,48.0,428.0,88.0,0.0,0.0,0.0,0.0,0.0,0.0,100000.0,0.0,0.0,0.0,0.0,0.0,0.0,0.0,0.0,200.0,10.0,0.0,avellaneda_stoikov,0.0,0.0
8.731126932559619e-12,0.01,2.8,426.0,993.0,512.0,55.0,426.0,99.0,2.0,0.07999999999999999,10.0,0.05,0.0,-0.5999999999912689,99999.40000000001,1.35,1.0,-1.3800000000000001,6.0,0.6399999999994179,17.0,4.164179104477612,2.4,200.0,11.0,-0.48999999999999994,naive_symmetric,0.0,0.0
5.551115123125783e-17,0.019999999999999997,2.98,429.0,993.0,515.0,49.0,429.0,86.0,2.0,0.06,10.0,0.05,0.0,-0.25,99999.75,0.24999999999999992,1.0,-0.48,3.0,0.4349999999976717,17.0,1.681592039800995,2.6,200.0,11.0,0.04000000000000002,inventory_skew,0.0,0.0
0.0,0.0,27.495,443.0,1000.0,514.0,43.0,439.0,83.0,0.0,0.0,0.0,0.0,0.0,0.0,100000.0,0.0,0.0,0.0,0.0,0.0,0.0,0.0,0.0,200.0,11.0,0.0,avellaneda_stoikov,0.0,0.0
-4.249162133262985e-11,-0.03,2.71,434.0,995.0,513.0,48.0,434.0,86.0,9.0,0.06,8.0,0.04,0.0,-0.030000000042491592,99999.96999999996,0.19999999999999998,3.0,-0.12,4.0,0.8000000000029104,7.0,3.109452736318408,1.625,200.0,12.0,-0.049999999999999975,naive_symmetric,0.0,0.0
-8.731237954862081e-12,0.05,2.93,429.0,993.0,511.0,53.0,429.0,91.0,15.0,0.06999999999999999,10.0,0.05,0.0,-0.15000000000873115,99999.84999999999,0.23000000000000007,1.0,-0.28,5.0,0.8000000000029104,9.0,3.3233830845771144,2.8,200.0,12.0,-0.029999999999999964,inventory_skew,0.0,0.0
4.074560133737748e-12,-0.01,27.69,447.0,1002.0,509.0,46.0,442.0,77.0,2.0,0.01,1.0,0.005,0.0,0.020000000004074536,100000.02,0.029999999999999985,1.0,-0.04,1.0,0.22000000000116415,0.0,0.9353233830845771,0.0,200.0,12.0,0.04,avellaneda_stoikov,0.0,0.0
8.149481089958499e-12,0.08,2.77,421.0,983.0,520.0,42.0,418.0,86.0,35.0,0.12000000000000002,20.0,0.1,0.0,0.04000000000814907,100000.04000000001,-0.8500000000000004,1.0,0.56,4.0,1.360000000000582,16.0,2.6069651741293534,1.9,200.0,13.0,0.45,naive_symmetric,0.0,0.0
7.567058091240142e-12,0.03,2.935,419.0,983.0,523.0,41.0,418.0,79.0,31.0,0.12000000000000002,20.0,0.1,0.0,-0.319999999992433,99999.68000000001,-0.9600000000000001,1.0,0.16,5.0,1.4799999999959255,7.0,3.1492537313432836,0.4,200.0,13.0,0.6,inventory_skew,0.0,0.0
1.047775755047553e-11,0.0,23.848484848484848,426.0,992.0,513.0,53.0,425.0,88.0,8.0,0.030000000000000002,3.0,0.015,0.0,0.23000000001047738,100000.23000000001,-0.45000000000000034,2.0,-0.04,3.0,1.110000000000582,0.0,2.353233830845771,0.0,200.0,13.0,0.75,avellaneda_stoikov,0.0,0.0
0.0,0.0,2.745,439.0,1000.0,524.0,37.0,439.0,62.0,0.0,0.0,0.0,0.0,0.0,0.0,100000.0,0.0,0.0,0.0,0.0,0.0,0.0,0.0,0.0,200.0,14.0,0.0,naive_symmetric,0.0,0.0
0.0,0.0,2.745,439.0,1000.0,524.0,37.0,439.0,62.0,0.0,0.0,0.0,0.0,0.0,0.0,100000.0,0.0,0.0,0.0,0.0,0.0,0.0,0.0,0.0,200.0,14.0,0.0,inventory_skew,0.0,0.0
0.0,0.0,27.54,440.0,1000.0,524.0,36.0,435.0,63.0,0.0,0.0,0.0,0.0,0.0,0.0,100000.0,0.0,0.0,0.0,0.0,0.0,0.0,0.0,0.0,200.0,14.0,0.0,avellaneda_stoikov,0.0,0.0
-2.3284152383951096e-12,0.019999999999999997,2.72,428.0,990.0,517.0,45.0,427.0,89.0,21.0,0.09,13.0,0.065,0.0,-0.1900000000023283,99999.81,-0.31999999999999995,2.0,0.2,5.0,1.2000000000116415,6.0,4.009950248756219,1.1538461538461537,200.0,15.0,0.01999999999999999,naive_symmetric,0.0,0.0
2.0954793455985055e-11,0.010000000000000007,2.955,423.0,989.0,519.0,47.0,423.0,80.0,36.0,0.07999999999999999,14.0,0.07,0.0,-0.03999999997904524,99999.96000000002,-0.19000000000000006,1.0,0.1,4.0,0.5,8.0,2.3482587064676617,2.0,200.0,15.0,0.13,inventory_skew,0.0,0.0
-2.910366392328001e-12,-0.02,29.788235294117648,380.0,882.0,477.0,25.0,379.0,46.0,3.0,0.01,1.0,0.005,0.0,-0.05000000000291038,99999.95,0.07999999999999999,1.0,-0.24,1.0,0.21000000000640284,0.0,0.9601990049751243,0.0,200.0,15.0,0.12,avellaneda_stoikov,0.0,0.0
-2.4447555091455797e-11,-0.08999999999999998,2.56,415.0,984.0,522.0,47.0,415.0,102.0,41.0,0.10000000000000002,19.0,0.095,0.0,-0.12000000002444722,99999.87999999998,0.6200000000000003,1.0,0.34,3.0,1.2050000000017462,10.0,1.2189054726368158,4.105263157894737,200.0,16.0,-0.98,naive_symmetric,0.0,0.0
-9.312772775160738e-12,-0.05000000000000001,2.955,424.0,984.0,510.0,50.0,424.0,100.0,36.0,0.11000000000000001,19.0,0.095,0.0,-0.7600000000093132,99999.23999999999,-1.4500000000000004,1.0,0.51,5.0,2.154999999984284,13.0,3.353233830845771,2.4210526315789473,200.0,16.0,0.29000000000000004,inventory_skew,0.0,0.0
0.0,0.0,26.34,436.0,1000.0,525.0,39.0,436.0,71.0,0.0,0.0,0.0,0.0,0.0,0.0,100000.0,0.0,0.0,0.0,0.0,0.0,0.0,0.0,0.0,200.0,16.0,0.0,avellaneda_stoikov,0.0,0.0
1.8626357400908233e-11,0.01,2.64,431.0,992.0,513.0,48.0,431.0,91.0,2.0,0.04,8.0,0.04,0.0,0.02000000001862645,100000.02000000002,0.010000000000000094,0.0,0.0,2.0,0.27499999999417923,11.0,0.845771144278607,2.5,200.0,17.0,0.05,naive_symmetric,0.0,0.0
-6.938893903907228e-18,0.02,2.99,440.0,1002.0,524.0,38.0,440.0,62.0,0.0,0.01,1.0,0.005,0.0,0.0,100000.0,-0.05999999999999999,1.0,0.05,1.0,0.19999999999708962,0.0,0.9850746268656716,0.0,200.0,17.0,0.02,inventory_skew,0.0,0.0
0.0,0.0,30.19,441.0,1000.0,517.0,42.0,434.0,74.0,0.0,0.0,0.0,0.0,0.0,0.0,100000.0,0.0,0.0,0.0,0.0,0.0,0.0,0.0,0.0,200.0,17.0,0.0,avellaneda_stoikov,0.0,0.0
2.2118640252699606e-11,-0.02,2.745,426.0,994.0,514.0,54.0,426.0,103.0,11.0,0.06,9.0,0.045,0.0,-0.06999999997788109,99999.93000000002,-0.4499999999999998,1.0,0.6,3.0,0.7750000000087311,5.0,1.8756218905472637,2.5555555555555554,200.0,18.0,-0.15999999999999998,naive_symmetric,0.0,0.0
5.238698363996264e-12,0.08,2.94,431.0,992.0,512.0,49.0,431.0,91.0,0.0,0.05999999999999999,11.0,0.055,0.0,-0.00999999999476131,99999.99,-0.010000000000000023,1.0,-0.25,2.0,0.17500000000291038,9.0,0.6019900497512438,3.909090909090909,200.0,18.0,0.31,inventory_skew,0.0,0.0
6.984926526065749e-12,-0.04,26.61904761904762,293.0,702.0,378.0,31.0,287.0,55.0,6.0,0.01,2.0,0.01,0.0,0.07000000000698492,100000.07,0.26,0.0,0.0,1.0,0.45500000000174623,0.0,0.7910447761194029,0.0,200.0,18.0,-0.18000000000000002,avellaneda_stoikov,0.0,0.0
5.238698363996264e-12,0.02,2.955,426.0,1000.0,530.0,44.0,426.0,86.0,0.0,0.02,3.0,0.015,0.0,-0.00999999999476131,99999.99,-0.38,1.0,0.32,2.0,0.4299999999930151,7.0,1.0298507462686568,3.6666666666666665,200.0,19.0,0.07,naive_symmetric,0.0,0.0
1.1059375637501034e-11,-0.019999999999999997,3.01010101010101,416.0,980.0,521.0,43.0,416.0,91.0,1.0,0.11000000000000001,19.0,0.095,0.0,-0.40999999998894054,99999.59000000001,-1.4999999999999998,1.0,0.81,10.0,1.9899999999761349,7.0,4.044776119402985,0.7894736842105263,200.0,19.0,0.38999999999999996,inventory_skew,0.0,0.009950248756218905
0.0,0.0,28.375,436.0,1000.0,538.0,26.0,436.0,59.0,0.0,0.0,0.0,0.0,0.0,0.0,100000.0,0.0,0.0,0.0,0.0,0.0,0.0,0.0,0.0,200.0,19.0,0.0,avellaneda_stoikov,0.0,0.0
1.1641604347190082e-11,0.08000000000000002,2.565,427.0,988.0,512.0,49.0,427.0,97.0,8.0,0.08,15.0,0.075,0.0,-0.04999999998835847,99999.95000000001,-0.050000000000000065,1.0,0.1,3.0,0.5050000000046566,13.0,2.5522388059701493,2.6,200.0,20.0,-0.01999999999999999,naive_symmetric,0.0,0.0
-8.73118244371085e-12,-0.019999999999999997,2.99,442.0,996.0,509.0,45.0,442.0,71.0,8.0,0.04,7.0,0.035,0.0,-0.15000000000873115,99999.84999999999,-0.09999999999999995,1.0,0.06,3.0,0.2900000000081491,11.0,1.4975124378109452,1.5714285714285714,200.0,20.0,-0.07,inventory_skew,0.0,0.0
6.402794960891356e-12,0.02,26.32,448.0,1002.0,512.0,42.0,448.0,67.0,4.0,0.01,1.0,0.005,0.0,-0.03999999999359716,99999.96,-0.14999999999999994,1.0,0.1,1.0,0.22999999999592546,0.0,0.9850746268656716,0.0,200.0,20.0,0.02,avellaneda_stoikov,0.0,0.0
2.037287005762778e-11,0.030000000000000006,2.5918367346938775,307.0,764.0,415.0,42.0,307.0,118.0,59.0,0.12000000000000004,24.0,0.12,0.0,0.3500000000203727,100000.35000000002,0.9999999999999998,0.0,0.0,6.0,1.3950000000040745,14.0,3.1691542288557213,1.4583333333333333,200.0,21.0,-0.5299999999999999,naive_symmetric,0.0,0.0
3.3760327866616535e-11,0.05999999999999999,3.035532994923858,411.0,973.0,512.0,50.0,411.0,107.0,28.0,0.13000000000000003,24.0,0.12,0.0,-0.36999999996623956,99999.63000000003,1.03,1.0,-0.72,10.0,1.029999999984284,12.0,3.4975124378109452,1.0833333333333333,200.0,21.0,-0.5499999999999999,inventory_skew,0.0,0.014925373134328358
-2.328297277198743e-12,-0.03,28.805,438.0,998.0,524.0,36.0,433.0,63.0,23.0,0.01,2.0,0.01,0.0,0.059999999997671694,100000.06,-0.02,0.0,0.0,1.0,0.029999999998835847,0.0,0.03482587064676617,0.0,200.0,21.0,0.09,avellaneda_stoikov,0.0,0.0
4.85722573273506e-17,-0.09999999999999999,2.715,429.0,996.0,516.0,51.0,429.0,94.0,0.0,0.04,7.0,0.035,0.0,0.0,100000.0,-0.16000000000000003,1.0,-0.03,2.0,0.19500000000698492,3.0,0.19402985074626866,0.7142857142857143,200.0,22.0,0.22999999999999998,naive_symmetric,0.0,0.0
1.3387700670275393e-11,-0.06999999999999999,2.925,435.0,998.0,522.0,41.0,435.0,70.0,0.0,0.030000000000000002,5.0,0.025,0.0,0.030000000013387762,100000.03000000001,0.020000000000000073,1.0,0.01,2.0,0.35499999999592546,6.0,0.8656716417910447,1.4,200.0,22.0,0.029999999999999992,inventory_skew,0.0,0.0
0.0,0.0,28.45,435.0,1000.0,524.0,41.0,435.0,78.0,0.0,0.0,0.0,0.0,0.0,0.0,100000.0,0.0,0.0,0.0,0.0,0.0,0.0,0.0,0.0,200.0,22.0,0.0,avellaneda_stoikov,0.0,0.0
2.0372259434964235e-11,0.06999999999999999,2.53,419.0,982.0,509.0,54.0,419.0,117.0,39.0,0.14,21.0,0.105,0.0,-0.6499999999796273,99999.35000000002,-0.6899999999999995,2.0,0.21,8.0,1.5649999999877764,15.0,3.611940298507463,1.2380952380952381,200.0,23.0,-0.03,naive_symmetric,0.0,0.0
-1.862640597316556e-11,-0.01,2.99,435.0,996.0,516.0,45.0,435.0,83.0,5.0,0.04,7.0,0.035,0.0,-0.02000000001862645,99999.97999999998,-0.25000000000000006,1.0,0.17,2.0,0.38500000002386514,15.0,1.328358208955224,5.857142857142857,200.0,23.0,0.1,inventory_skew,0.0,0.0
-5.238615097269417e-12,0.0,28.42,454.0,1002.0,514.0,34.0,447.0,53.0,0.0,0.01,1.0,0.005,0.0,0.00999999999476131,100000.01,0.20999999999999994,1.0,-0.21,1.0,0.19999999999708962,0.0,0.9651741293532339,0.0,200.0,23.0,0.02,avellaneda_stoikov,0.0,0.0
-8.149148023051112e-12,-0.019999999999999997,2.625,424.0,992.0,525.0,43.0,423.0,96.0,7.0,0.05999999999999999,11.0,0.055,0.0,-0.04000000000814907,99999.95999999999,0.18000000000000005,1.0,-0.19,4.0,0.6000000000058208,17.0,1.199004975124378,1.9090909090909092,200.0,24.0,0.030000000000000027,naive_symmetric,0.0,0.0
-3.492484079714586e-12,-0.12000000000000001,2.99,423.0,982.0,511.0,48.0,422.0,100.0,27.0,0.11000000000000003,21.0,0.105,0.0,-0.16000000000349246,99999.84,0.05999999999999996,1.0,0.08,2.0,0.7400000000052387,16.0,1.228855721393035,2.380952380952381,200.0,24.0,-0.18999999999999992,inventory_skew,0.0,0.0
0.0,0.0,26.945,442.0,1000.0,525.0,33.0,439.0,60.0,0.0,0.0,0.0,0.0,0.0,0.0,100000.0,0.0,0.0,0.0,0.0,0.0,0.0,0.0,0.0,200.0,24.0,0.0,avellaneda_stoikov,0.0,0.0
-3.492262035109661e-12,0.039999999999999994,2.8,430.0,993.0,511.0,52.0,430.0,96.0,14.0,0.06999999999999999,10.0,0.05,0.0,0.08999999999650754,100000.09,-0.4000000000000002,2.0,0.32,5.0,1.0749999999970896,7.0,3.870646766169154,1.2,200.0,25.0,0.24,naive_symmetric,0.0,0.0
-1.7462531420875393e-11,0.019999999999999997,2.935,414.0,979.0,514.0,51.0,414.0,103.0,67.0,0.13000000000000003,24.0,0.12,0.0,-0.0500000000174623,99999.94999999998,-0.18999999999999992,1.0,-0.3,6.0,0.6650000000081491,10.0,2.527363184079602,1.25,200.0,25.0,0.5700000000000002,inventory_skew,0.0,0.0
-1.3969991830009576e-11,0.0,26.605,445.0,1000.0,522.0,33.0,439.0,67.0,8.0,0.030000000000000002,3.0,0.015,0.0,-0.14000000001396984,99999.85999999999,-0.23999999999999985,2.0,0.0,3.0,0.8699999999953434,7.0,2.9303482587064678,2.3333333333333335,200.0,25.0,0.13,avellaneda_stoikov,0.0,0.0
3.143219018397758e-11,0.0,2.54,443.0,999.0,510.0,46.0,443.0,84.0,0.0,0.030000000000000002,4.0,0.02,0.0,-0.05999999996856786,99999.94000000003,-0.5,2.0,0.76,2.0,0.9950000000098953,2.0,0.9800995024875622,0.5,200.0,26.0,-0.29000000000000004,naive_symmetric,0.0,0.0
-1.6653345369377348e-16,-0.03,2.93,443.0,996.0,509.0,44.0,443.0,83.0,0.0,0.04,7.0,0.035,0.0,0.0,100000.0,0.22000000000000003,1.0,-0.43,2.0,0.4250000000029104,4.0,0.945273631840796,0.8571428571428571,200.0,26.0,0.2500000000000001,inventory_skew,0.0,0.0
0.0,0.0,29.98,438.0,1000.0,518.0,44.0,435.0,82.0,0.0,0.0,0.0,0.0,0.0,0.0,100000.0,0.0,0.0,0.0,0.0,0.0,0.0,0.0,0.0,200.0,26.0,0.0,avellaneda_stoikov,0.0,0.0
2.6774582551070125e-11,-0.030000000000000013,2.679558011049724,403.0,942.0,491.0,48.0,401.0,96.0,10.0,0.15000000000000002,23.0,0.115,0.0,-0.4399999999732245,99999.56000000003,1.0800000000000007,2.0,-2.38,10.0,1.8000000000029104,9.0,6.482587064676617,1.6956521739130435,200.0,27.0,1.01,naive_symmetric,0.0,0.0945273631840796
7.56700258008891e-12,-0.039999999999999994,3.1658031088082903,420.0,966.0,494.0,52.0,419.0,103.0,10.0,0.12000000000000004,23.0,0.115,0.0,-0.319999999992433,99999.68000000001,0.6,1.0,-0.33,10.0,1.680000000007567,6.0,5.104477611940299,0.6521739130434783,200.0,27.0,-0.4699999999999999,inventory_skew,0.0,0.03482587064676617
-5.820899318109696e-13,0.01,26.415,429.0,996.0,518.0,49.0,420.0,94.0,14.0,0.02,4.0,0.02,0.0,0.13999999999941792,100000.14,-0.16,0.0,0.0,2.0,0.16000000000349246,9.0,0.11940298507462686,2.25,200.0,27.0,0.32,avellaneda_stoikov,0.0,0.0
-1.3970047341160807e-11,0.059999999999999935,2.5527638190954773,391.0,966.0,521.0,54.0,391.0,141.0,28.0,0.18000000000000008,33.0,0.165,0.0,0.6099999999860302,100000.60999999999,1.3000000000000005,2.0,-0.68,9.0,1.1699999999982538,8.0,4.1940298507462686,1.6666666666666667,200.0,28.0,0.16999999999999996,naive_symmetric,0.0,0.0
-5.819233983572758e-13,0.07999999999999999,2.95,428.0,995.0,521.0,46.0,428.0,97.0,8.0,0.05,8.0,0.04,0.0,-0.3600000000005821,99999.64,0.7299999999999998,1.0,-0.84,5.0,1.1150000000197906,10.0,3.6766169154228856,1.875,200.0,28.0,-0.19999999999999996,inventory_skew,0.0,0.0
-8.731362854952351e-12,0.019999999999999997,15.787878787878787,168.0,464.0,276.0,20.0,168.0,41.0,4.0,0.02,3.0,0.015,0.0,0.09999999999126885,100000.09999999999,-0.4999999999999998,1.0,0.14,2.0,0.5,1.0,1.7860696517412935,0.3333333333333333,200.0,28.0,0.48,avellaneda_stoikov,0.0,0.0
-2.4446666913036097e-11,0.01,2.76,431.0,996.0,516.0,49.0,431.0,95.0,24.0,0.06,7.0,0.035,0.0,-0.3700000000244472,99999.62999999998,-0.8300000000000005,2.0,0.44999999999999996,6.0,1.1150000000197906,11.0,4.616915422885572,2.2857142857142856,200.0,29.0,0.07,naive_symmetric,0.0,0.0
2.9110047705671604e-12,-0.07999999999999999,3.0,404.0,960.0,512.0,44.0,404.0,98.0,46.0,0.12000000000000002,21.0,0.105,0.0,-1.1999999999970896,99998.8,-0.8800000000000006,2.0,-0.12,10.0,1.8250000000116415,12.0,6.08955223880597,1.2857142857142858,200.0,29.0,-0.08000000000000002,inventory_skew,0.0,0.05472636815920398
0.0,0.0,27.035,440.0,1000.0,514.0,46.0,439.0,88.0,0.0,0.0,0.0,0.0,0.0,0.0,100000.0,0.0,0.0,0.0,0.0,0.0,0.0,0.0,0.0,200.0,29.0,0.0,avellaneda_stoikov,0.0,0.0
-2.3285817718488033e-12,0.020000000000000004,2.535,430.0,991.0,510.0,51.0,429.0,88.0,35.0,0.07999999999999999,12.0,0.06,0.0,0.059999999997671694,100000.06,1.2700000000000005,1.0,-1.12,4.0,0.4499999999970896,6.0,3.4029850746268657,1.3333333333333333,200.0,30.0,-0.01000000000000002,naive_symmetric,0.0,0.0
1.3969492229648495e-11,0.020000000000000007,2.95,431.0,994.0,520.0,43.0,428.0,71.0,36.0,0.06,9.0,0.045,0.0,-0.10999999998603016,99999.89000000001,0.9400000000000004,1.0,-0.99,4.0,0.41499999999359716,4.0,2.81592039800995,0.6666666666666666,200.0,30.0,0.0,inventory_skew,0.0,0.0
-6.98485713712671e-12,0.02,23.4625,200.0,520.0,295.0,25.0,195.0,50.0,5.0,0.03,3.0,0.015,0.0,-0.07000000000698492,99999.93,-0.5800000000000001,1.0,0.09,3.0,0.6749999999883585,0.0,1.5572139303482586,0.0,200.0,30.0,0.45,avellaneda_stoikov,0.0,0.0
-1.8044343796930207e-11,0.030000000000000006,2.65,427.0,988.0,513.0,48.0,427.0,95.0,0.0,0.08,15.0,0.075,0.0,0.08999999998195563,100000.08999999998,0.16999999999999996,1.0,-0.19,2.0,0.22500000000582077,12.0,0.7213930348258707,3.3333333333333335,200.0,31.0,0.19,naive_symmetric,0.0,0.0
-7.566988702301103e-12,0.030000000000000002,2.785,423.0,986.0,511.0,52.0,423.0,103.0,0.0,0.06999999999999999,14.0,0.07,0.0,0.069999999992433,100000.06999999999,-2.42861286636753e-17,0.0,0.0,1.0,0.15999999998894054,12.0,0.40298507462686567,3.4285714285714284,200.0,31.0,0.14,inventory_skew,0.0,0.0
0.0,0.0,30.265,430.0,1000.0,523.0,47.0,428.0,82.0,0.0,0.0,0.0,0.0,0.0,0.0,100000.0,0.0,0.0,0.0,0.0,0.0,0.0,0.0,0.0,200.0,31.0,0.0,avellaneda_stoikov,0.0,0.0
7.566974824513295e-12,0.0,2.585,435.0,999.0,521.0,43.0,435.0,90.0,0.0,0.03,4.0,0.02,0.0,-0.069999999992433,99999.93000000001,-0.16999999999999998,1.0,0.04,2.0,0.41999999999825377,11.0,1.8308457711442787,5.25,200.0,32.0,0.09000000000000001,naive_symmetric,0.0,0.0
6.402850472042587e-12,0.0,2.99,437.0,1000.0,524.0,39.0,437.0,75.0,0.0,0.02,3.0,0.015,0.0,-0.03999999999359716,99999.96,-0.09,1.0,0.03,2.0,0.3650000000052387,5.0,1.2189054726368158,2.0,200.0,32.0,0.039999999999999994,inventory_skew,0.0,0.0
1.2805659310721751e-11,-0.01,24.23,432.0,1002.0,529.0,41.0,432.0,76.0,3.0,0.01,1.0,0.005,0.0,-0.07999999998719431,99999.92000000001,-0.06999999999999998,1.0,-0.09,1.0,0.20999999999185093,0.0,0.9253731343283582,0.0,200.0,32.0,0.09,avellaneda_stoikov,0.0,0.0
-1.164034146849957e-12,0.01,2.52,428.0,990.0,509.0,53.0,428.0,106.0,15.0,0.06999999999999999,13.0,0.065,0.0,0.029999999998835847,100000.03,0.4199999999999999,1.0,-0.01,3.0,0.47500000000582077,10.0,1.2487562189054726,2.1538461538461537,200.0,33.0,-0.31,naive_symmetric,0.0,0.0
4.0743727836023425e-12,-0.02,2.995,436.0,1000.0,525.0,39.0,436.0,64.0,15.0,0.02,3.0,0.015,0.0,0.020000000004074536,100000.02,0.16000000000000017,1.0,-0.04,2.0,0.3000000000029104,2.0,1.054726368159204,0.6666666666666666,200.0,33.0,-0.08,inventory_skew,0.0,0.0
-4.074407478071862e-12,0.0,27.825,444.0,1001.0,515.0,42.0,443.0,78.0,15.0,0.02,2.0,0.01,0.0,-0.020000000004074536,99999.98,0.09999999999999987,1.0,-0.16,2.0,0.5999999999912689,9.0,1.9701492537313432,4.5,200.0,33.0,0.06,avellaneda_stoikov,0.0,0.0
1.571609509198879e-11,-0.09,2.645,429.0,988.0,518.0,41.0,429.0,90.0,1.0,0.08,15.0,0.075,0.0,0.22000000001571607,100000.22000000002,-2.2551405187698492e-17,1.0,0.19,5.0,0.7099999999918509,12.0,1.6467661691542288,1.5333333333333334,200.0,34.0,0.10999999999999999,naive_symmetric,0.0,0.0
2.4447582847031413e-11,0.049999999999999996,2.9494949494949494,419.0,968.0,506.0,43.0,418.0,99.0,8.0,0.14000000000000004,27.0,0.135,0.0,-0.12999999997555278,99999.87000000002,0.5199999999999998,1.0,-0.12,3.0,0.9849999999860302,15.0,1.36318407960199,2.259259259259259,200.0,34.0,-0.3900000000000001,inventory_skew,0.0,0.0
0.0,0.0,25.865,454.0,1000.0,516.0,30.0,453.0,54.0,0.0,0.0,0.0,0.0,0.0,0.0,100000.0,0.0,0.0,0.0,0.0,0.0,0.0,0.0,0.0,200.0,34.0,0.0,avellaneda_stoikov,0.0,0.0
2.3865368015130173e-11,0.0,2.9,436.0,999.0,527.0,36.0,436.0,56.0,21.0,0.03,4.0,0.02,0.0,0.010000000023865141,100000.01000000002,-0.10000000000000023,1.0,0.12,2.0,0.6000000000058208,5.0,1.8507462686567164,1.25,200.0,35.0,0.020000000000000004,naive_symmetric,0.0,0.0
2.3865253523380758e-11,0.01,2.955,437.0,998.0,519.0,42.0,437.0,73.0,21.0,0.030000000000000002,5.0,0.025,0.0,0.010000000023865141,100000.01000000002,-0.050000000000000114,1.0,0.04,2.0,0.3000000000029104,7.0,1.0049751243781095,2.4,200.0,35.0,0.05,inventory_skew,0.0,0.0
0.0,0.0,25.985,442.0,1000.0,517.0,41.0,434.0,70.0,0.0,0.0,0.0,0.0,0.0,0.0,100000.0,0.0,0.0,0.0,0.0,0.0,0.0,0.0,0.0,200.0,35.0,0.0,avellaneda_stoikov,0.0,0.0
2.6193380797678856e-11,0.01,2.57,433.0,998.0,519.0,46.0,433.0,88.0,0.0,0.04,5.0,0.025,0.0,-0.04999999997380655,99999.95000000003,0.3400000000000001,1.0,-0.72,3.0,0.47499999999126885,19.0,1.3930348258706469,4.6,200.0,36.0,0.37,naive_symmetric,0.0,0.0
9.31307808649251e-12,0.0,2.985,437.0,1002.0,524.0,41.0,437.0,72.0,0.0,0.01,1.0,0.005,0.0,0.010000000009313226,100000.01000000001,0.22000000000000014,1.0,-0.21,1.0,0.2400000000052387,0.0,0.9800995024875622,0.0,200.0,36.0,0.01,inventory_skew,0.0,0.0
0.0,0.0,26.57,450.0,1000.0,513.0,37.0,443.0,67.0,0.0,0.0,0.0,0.0,0.0,0.0,100000.0,0.0,0.0,0.0,0.0,0.0,0.0,0.0,0.0,200.0,36.0,0.0,avellaneda_stoikov,0.0,0.0
5.8193450058752205e-12,-0.060000000000000005,2.673076923076923,384.0,893.0,476.0,33.0,382.0,94.0,24.0,0.15000000000000002,22.0,0.11,0.0,0.10000000000582077,100000.1,3.870000000000001,3.0,-3.4299999999999997,10.0,1.5350000000034925,11.0,5.8606965174129355,1.3181818181818181,200.0,37.0,-0.19000000000000003,naive_symmetric,0.0,0.21890547263681592
5.5296989209807634e-11,-0.009999999999999995,3.0351758793969847,416.0,971.0,514.0,41.0,412.0,112.0,31.0,0.16000000000000006,30.0,0.15,0.0,0.7000000000552973,100000.70000000006,2.8900000000000006,1.0,-0.86,10.0,2.2749999999941792,13.0,3.955223880597015,1.7,200.0,37.0,-1.1700000000000002,inventory_skew,0.0,0.004975124378109453
0.0,0.0,29.77,438.0,1000.0,516.0,46.0,432.0,85.0,0.0,0.0,0.0,0.0,0.0,0.0,100000.0,0.0,0.0,0.0,0.0,0.0,0.0,0.0,0.0,200.0,37.0,0.0,avellaneda_stoikov,0.0,0.0
1.164174312506816e-11,0.020000000000000004,2.64,441.0,994.0,512.0,41.0,441.0,79.0,6.0,0.07,9.0,0.045,0.0,-0.04999999998835847,99999.95000000001,-1.6900000000000002,2.0,0.25,6.0,2.2150000000110595,11.0,3.512437810945274,2.3333333333333335,200.0,38.0,1.46,naive_symmetric,0.0,0.0
-5.238420808240107e-12,0.019999999999999997,2.99,433.0,997.0,523.0,41.0,433.0,74.0,0.0,0.04,6.0,0.03,0.0,0.00999999999476131,100000.01,-0.6900000000000002,1.0,0.1,2.0,0.8000000000029104,11.0,1.5323383084577114,3.3333333333333335,200.0,38.0,0.6399999999999999,inventory_skew,0.0,0.0
1.920855141612776e-11,-0.03,26.51,439.0,1001.0,516.0,46.0,438.0,90.0,2.0,0.02,2.0,0.01,0.0,0.13000000001920853,100000.13000000002,-0.22999999999999998,2.0,0.04,2.0,0.4349999999976717,4.0,0.5771144278606966,2.0,200.0,38.0,0.33999999999999997,avellaneda_stoikov,0.0,0.0
2.328914838756191e-12,-0.05,2.56,440.0,998.0,517.0,41.0,440.0,64.0,5.0,0.04,5.0,0.025,0.0,-0.059999999997671694,99999.94,0.6299999999999994,1.0,-0.78,3.0,0.47999999999592546,14.0,2.5771144278606966,3.6,200.0,39.0,0.13,naive_symmetric,0.0,0.0
-6.984912648277941e-12,-0.05,2.99,439.0,997.0,517.0,41.0,439.0,64.0,5.0,0.04,6.0,0.03,0.0,-0.07000000000698492,99999.93,0.5499999999999999,1.0,-0.54,3.0,0.3849999999947613,2.0,1.800995024875622,0.8333333333333334,200.0,39.0,-0.03999999999999998,inventory_skew,0.0,0.0
0.0,0.0,28.29,434.0,1000.0,523.0,43.0,428.0,69.0,0.0,0.0,0.0,0.0,0.0,0.0,100000.0,0.0,0.0,0.0,0.0,0.0,0.0,0.0,0.0,200.0,39.0,0.0,avellaneda_stoikov,0.0,0.0
1.1058931548291184e-11,0.01,2.465,428.0,993.0,518.0,47.0,428.0,93.0,19.0,0.06999999999999999,10.0,0.05,0.0,-0.15999999998894054,99999.84000000001,0.6500000000000004,1.0,-1.44,5.0,0.6299999999755528,13.0,3.383084577114428,4.1,200.0,40.0,0.7000000000000002,naive_symmetric,0.0,0.0
1.1641798636219391e-12,0.04,2.855,423.0,994.0,530.0,41.0,423.0,82.0,19.0,0.049999999999999996,9.0,0.045,0.0,-0.029999999998835847,99999.97,0.31999999999999995,1.0,-0.34,2.0,0.46000000000640284,7.0,0.9353233830845771,1.3333333333333333,200.0,40.0,0.04000000000000001,inventory_skew,0.0,0.0
5.238698363996264e-12,-0.01,27.19,433.0,1002.0,529.0,40.0,430.0,75.0,19.0,0.01,1.0,0.005,0.0,-0.00999999999476131,99999.99,0.29000000000000004,1.0,-0.34,1.0,0.1300000000046566,0.0,0.9751243781094527,0.0,200.0,40.0,0.05,avellaneda_stoikov,0.0,0.0
-2.3283097672077702e-11,-0.049999999999999996,2.705,433.0,989.0,510.0,46.0,432.0,92.0,21.0,0.07999999999999999,14.0,0.07,0.0,0.09999999997671694,100000.09999999998,-0.09999999999999995,1.0,-0.1,4.0,0.8099999999976717,10.0,2.4378109452736316,2.142857142857143,200.0,41.0,0.38,naive_symmetric,0.0,0.0
-4.0745185003743245e-12,-0.03,2.965,435.0,997.0,513.0,49.0,435.0,81.0,0.0,0.04,6.0,0.03,0.0,-0.020000000004074536,99999.98,0.05,1.0,-0.14,3.0,0.5950000000011642,10.0,2.283582089552239,4.166666666666667,200.0,41.0,0.11,inventory_skew,0.0,0.0
1.1641576591614466e-11,0.03,22.25423728813559,278.0,670.0,369.0,23.0,268.0,43.0,3.0,0.01,2.0,0.01,0.0,0.20000000001164153,100000.20000000001,0.07999999999999996,0.0,0.0,1.0,0.27000000000407454,0.0,0.9054726368159204,0.0,200.0,41.0,0.13,avellaneda_stoikov,0.0,0.0
5.551115123125783e-17,0.0,2.86,447.0,1002.0,515.0,40.0,447.0,67.0,0.0,0.01,1.0,0.005,0.0,0.0,100000.0,-0.31000000000000005,1.0,0.31,1.0,0.3600000000005821,0.0,0.9900497512437811,0.0,200.0,42.0,0.01,naive_symmetric,0.0,0.0
5.551115123125783e-17,0.0,2.995,447.0,1002.0,515.0,40.0,447.0,67.0,0.0,0.01,1.0,0.005,0.0,0.0,100000.0,-0.31000000000000005,1.0,0.31,1.0,0.3600000000005821,0.0,0.9900497512437811,0.0,200.0,42.0,0.01,inventory_skew,0.0,0.0
-5.238698363996264e-12,0.0,29.495,440.0,1002.0,524.0,38.0,439.0,61.0,2.0,0.01,1.0,0.005,0.0,0.00999999999476131,100000.01,0.31000000000000005,1.0,-0.4,1.0,0.17999999999301508,0.0,0.9253731343283582,0.0,200.0,42.0,0.11,avellaneda_stoikov,0.0,0.0
8.73137673274016e-12,0.02,2.805,436.0,1000.0,518.0,46.0,436.0,78.0,6.0,0.03,3.0,0.015,0.0,-0.09999999999126885,99999.90000000001,-0.32000000000000023,1.0,0.15,3.0,0.805000000007567,11.0,2.383084577114428,3.6666666666666665,200.0,43.0,0.1,naive_symmetric,0.0,0.0
1.3970116730099846e-11,0.03,2.97,437.0,999.0,520.0,42.0,437.0,80.0,6.0,0.03,4.0,0.02,0.0,-0.10999999998603016,99999.89000000001,-0.3300000000000003,1.0,0.08,3.0,0.6599999999889405,11.0,2.054726368159204,3.5,200.0,43.0,0.17,inventory_skew,0.0,0.0
0.0,0.0,28.725,440.0,1000.0,519.0,41.0,434.0,76.0,0.0,0.0,0.0,0.0,0.0,0.0,100000.0,0.0,0.0,0.0,0.0,0.0,0.0,0.0,0.0,200.0,43.0,0.0,avellaneda_stoikov,0.0,0.0
1.0477341216841296e-11,0.020000000000000004,2.565,420.0,992.0,516.0,56.0,419.0,112.0,0.0,0.05999999999999999,11.0,0.055,0.0,-0.01999999998952262,99999.98000000001,-0.14,1.0,-0.25,2.0,0.11999999999534339,2.0,0.24875621890547264,0.2727272727272727,200.0,44.0,0.43000000000000005,naive_symmetric,0.0,0.0
1.0477341216841296e-11,0.020000000000000004,2.67,420.0,992.0,516.0,56.0,419.0,112.0,0.0,0.05999999999999999,11.0,0.055,0.0,-0.01999999998952262,99999.98000000001,-0.14,1.0,-0.25,2.0,0.11999999999534339,2.0,0.24875621890547264,0.2727272727272727,200.0,44.0,0.43000000000000005,inventory_skew,0.0,0.0
8.148981489597418e-12,0.02,25.78,440.0,1002.0,520.0,42.0,431.0,80.0,0.0,0.01,1.0,0.005,0.0,0.04000000000814907,100000.04000000001,-0.24999999999999992,1.0,0.2,1.0,0.33000000000174623,0.0,0.9104477611940298,0.0,200.0,44.0,0.1,avellaneda_stoikov,0.0,0.0
-9.313133597643741e-12,0.0,2.805,440.0,1002.0,521.0,41.0,440.0,71.0,0.0,0.01,1.0,0.005,0.0,-0.010000000009313226,99999.98999999999,-0.20000000000000007,1.0,0.21,1.0,0.319999999992433,10.0,0.5373134328358209,10.0,200.0,45.0,-0.01,naive_symmetric,0.0,0.0
-9.313133597643741e-12,0.0,2.935,440.0,1002.0,521.0,41.0,440.0,71.0,0.0,0.01,1.0,0.005,0.0,-0.010000000009313226,99999.98999999999,-0.20000000000000007,1.0,0.21,1.0,0.319999999992433,10.0,0.5373134328358209,10.0,200.0,45.0,-0.01,inventory_skew,0.0,0.0
-1.1641521080463235e-12,0.01,25.39766081871345,388.0,886.0,479.0,19.0,384.0,44.0,7.0,0.01,1.0,0.005,0.0,0.029999999998835847,100000.03,-0.2,1.0,0.13,1.0,0.33999999999650754,0.0,0.8557213930348259,0.0,200.0,45.0,0.11,avellaneda_stoikov,0.0,0.0
-2.9104219034792322e-12,-0.03,2.525,436.0,997.0,509.0,52.0,436.0,90.0,10.0,0.04,6.0,0.03,0.0,-0.05000000000291038,99999.95,0.06000000000000004,1.0,0.1,2.0,0.3750000000145519,0.0,1.472636815920398,0.0,200.0,46.0,-0.17,naive_symmetric,0.0,0.0
9.313182169901069e-12,-0.05,2.875,428.0,992.0,515.0,49.0,428.0,78.0,10.0,0.04,8.0,0.04,0.0,0.010000000009313226,100000.01000000001,-0.05999999999999997,0.0,0.0,2.0,0.2950000000128057,11.0,0.48258706467661694,1.375,200.0,46.0,0.11000000000000001,inventory_skew,0.0,0.0
-8.731168565923042e-12,-0.02,28.595,437.0,998.0,527.0,34.0,437.0,61.0,0.0,0.01,2.0,0.01,0.0,0.09999999999126885,100000.09999999999,0.07,0.0,0.0,1.0,0.020000000004074536,0.0,0.03980099502487562,0.0,200.0,46.0,0.04,avellaneda_stoikov,0.0,0.0
-3.4925395908658174e-12,0.03,2.745,435.0,991.0,513.0,43.0,435.0,79.0,13.0,0.09,12.0,0.06,0.0,-0.16000000000349246,99999.84,1.6900000000000004,2.0,-1.62,7.0,1.4350000000122236,16.0,4.751243781094527,2.9166666666666665,200.0,47.0,-0.14000000000000007,naive_symmetric,0.0,0.0
1.4551887472791236e-11,-0.06999999999999999,2.77,434.0,990.0,507.0,49.0,434.0,101.0,9.0,0.06999999999999999,13.0,0.065,0.0,1.4551915228366852e-11,100000.00000000001,0.49999999999999994,1.0,-0.22,3.0,0.319999999992433,13.0,1.243781094527363,3.3076923076923075,200.0,47.0,-0.20999999999999994,inventory_skew,0.0,0.0
0.0,0.0,28.245,451.0,1000.0,508.0,41.0,441.0,74.0,0.0,0.0,0.0,0.0,0.0,0.0,100000.0,0.0,0.0,0.0,0.0,0.0,0.0,0.0,0.0,200.0,47.0,0.0,avellaneda_stoikov,0.0,0.0
1.0477396727992527e-11,0.01,2.615,443.0,1000.0,519.0,38.0,443.0,67.0,0.0,0.03,3.0,0.015,0.0,-0.01999999998952262,99999.98000000001,0.49,1.0,-0.66,3.0,0.5149999999994179,2.0,2.228855721393035,1.0,200.0,48.0,0.18000000000000002,naive_symmetric,0.0,0.0
1.4551887472791236e-11,0.02,2.98,445.0,1000.0,517.0,38.0,445.0,65.0,0.0,0.02,3.0,0.015,0.0,1.4551915228366852e-11,100000.00000000001,0.13,1.0,-0.22,1.0,0.22000000000116415,12.0,0.945273631840796,6.0,200.0,48.0,0.11000000000000001,inventory_skew,0.0,0.0
-2.502931195635938e-11,-0.03,17.315068493150687,183.0,490.0,277.0,30.0,182.0,56.0,6.0,0.030000000000000002,5.0,0.025,0.0,0.019999999974970706,100000.01999999997,0.07000000000000003,1.0,0.38,1.0,0.8300000000162981,7.0,0.7611940298507462,1.8,200.0,48.0,-0.4,avellaneda_stoikov,0.0,0.0
-4.074535847609084e-12,0.02,2.85,432.0,996.0,524.0,40.0,432.0,72.0,0.0,0.02,4.0,0.02,0.0,-0.020000000004074536,99999.98,-0.28,0.0,0.0,2.0,0.2950000000128057,5.0,0.35323383084577115,2.25,200.0,49.0,0.28,naive_symmetric,0.0,0.0
-1.3387752711979672e-11,0.02,2.895,438.0,996.0,520.0,38.0,438.0,72.0,0.0,0.02,4.0,0.02,0.0,-0.030000000013387762,99999.96999999999,-0.28,0.0,0.0,2.0,0.2950000000128057,5.0,0.35323383084577115,3.0,200.0,49.0,0.27,inventory_skew,0.0,0.0
0.0,0.0,25.51,438.0,1000.0,527.0,35.0,432.0,58.0,0.0,0.0,0.0,0.0,0.0,0.0,100000.0,0.0,0.0,0.0,0.0,0.0,0.0,0.0,0.0,200.0,49.0,0.0,avellaneda_stoikov,0.0,0.0
5.820954829260927e-12,-0.1,2.75,440.0,993.0,514.0,39.0,439.0,79.0,19.0,0.06,10.0,0.05,0.0,0.35000000000582077,100000.35,0.3599999999999998,1.0,0.0,4.0,0.444999999992433,5.0,2.3930348258706466,0.5,200.0,50.0,0.04999999999999999,naive_symmetric,0.0,0.0
6.402989249920665e-12,-0.09000000000000001,2.975,438.0,998.0,530.0,30.0,438.0,51.0,17.0,0.04,5.0,0.025,0.0,-0.03999999999359716,99999.96,0.2999999999999998,1.0,-0.42,3.0,0.5399999999935972,0.0,2.8656716417910446,0.0,200.0,50.0,0.12000000000000001,inventory_skew,0.0,0.0
-2.3281931937901845e-12,-0.04,30.645,439.0,1001.0,523.0,39.0,434.0,72.0,11.0,0.02,2.0,0.01,0.0,0.059999999997671694,100000.06,0.23999999999999994,1.0,-0.28,2.0,0.3600000000005821,0.0,1.935323383084577,0.0,200.0,50.0,0.12,avellaneda_stoikov,0.0,0.0
-3.492428568563355e-11,-3.469446951953614e-18,2.5107913669064748,358.0,858.0,454.0,46.0,355.0,103.0,100.0,0.15000000000000002,23.0,0.115,0.0,-0.3500000000349246,99999.64999999997,-1.3700000000000006,2.0,0.14,10.0,1.6000000000058208,13.0,7.666666666666667,1.608695652173913,200.0,51.0,1.0300000000000002,naive_symmetric,0.0,0.3034825870646766
-1.7462253865119237e-11,-1.734723475976807e-18,2.9864864864864864,375.0,884.0,470.0,39.0,373.0,78.0,31.0,0.1,15.0,0.075,0.0,-0.5500000000174623,99999.44999999998,-1.1,1.0,0.05,10.0,1.625,10.0,6.308457711442786,1.2666666666666666,200.0,51.0,0.6,inventory_skew,0.0,0.25870646766169153
2.9102414922377307e-12,0.03,29.72,439.0,1002.0,532.0,31.0,435.0,50.0,5.0,0.01,1.0,0.005,0.0,0.05000000000291038,100000.05,-0.17999999999999988,1.0,-0.03,1.0,0.17999999999301508,0.0,0.9402985074626866,0.0,200.0,51.0,0.27,avellaneda_stoikov,0.0,0.0
-4.656622309973102e-12,-0.020000000000000004,2.755,416.0,982.0,523.0,43.0,416.0,98.0,4.0,0.09000000000000001,18.0,0.09,0.0,0.11999999999534339,100000.12,-0.039999999999999945,0.0,0.0,6.0,0.5350000000034925,8.0,1.1144278606965174,2.388888888888889,200.0,52.0,0.24999999999999997,naive_symmetric,0.0,0.0
-8.148981489597418e-12,0.02,2.97,420.0,992.0,523.0,49.0,420.0,102.0,4.0,0.05999999999999999,11.0,0.055,0.0,-0.04000000000814907,99999.95999999999,-0.17000000000000012,1.0,0.14,4.0,0.5300000000133878,9.0,1.3233830845771144,2.3636363636363638,200.0,52.0,0.05000000000000001,inventory_skew,0.0,0.0
-1.0477417544674239e-11,0.0,23.715976331360945,376.0,878.0,479.0,23.0,376.0,45.0,4.0,0.01,1.0,0.005,0.0,0.01999999998952262,100000.01999999999,-0.10999999999999996,1.0,0.03,1.0,0.2900000000081491,0.0,0.8109452736318408,0.0,200.0,52.0,0.11,avellaneda_stoikov,0.0,0.0
1.6880247200035114e-11,0.02,2.865,435.0,996.0,521.0,40.0,432.0,72.0,12.0,0.04,7.0,0.035,0.0,-0.05999999998311978,99999.94000000002,-0.29000000000000004,1.0,0.14,2.0,0.25,4.0,1.0497512437810945,0.7142857142857143,200.0,53.0,0.13,naive_symmetric,0.0,0.0
2.852162950262027e-11,0.08999999999999996,3.122340425531915,382.0,928.0,496.0,50.0,377.0,138.0,70.0,0.3000000000000001,51.0,0.255,0.0,1.6400000000285218,100001.64000000003,-0.25000000000000044,1.0,-0.18,10.0,0.9799999999959255,7.0,4.54726368159204,0.49019607843137253,200.0,53.0,2.3700000000000006,inventory_skew,9.0,0.05970149253731343
-9.313244619946204e-12,0.0,28.02020202020202,444.0,992.0,513.0,35.0,438.0,59.0,18.0,0.02,3.0,0.015,0.0,0.23999999999068677,100000.23999999999,0.21,1.0,-0.16,1.0,0.1899999999877764,0.0,0.9701492537313433,0.0,200.0,53.0,0.21000000000000002,avellaneda_stoikov,0.0,0.0
1.1641659858341313e-11,-0.05,2.8,437.0,998.0,520.0,41.0,437.0,77.0,19.0,0.030000000000000002,5.0,0.025,0.0,-0.04999999998835847,99999.95000000001,-0.20000000000000015,1.0,0.23,2.0,0.7350000000005821,16.0,0.9950248756218906,6.4,200.0,54.0,-0.04999999999999999,naive_symmetric,0.0,0.0
2.3285540162731877e-12,-0.05,2.96,437.0,998.0,520.0,41.0,437.0,77.0,19.0,0.030000000000000002,5.0,0.025,0.0,-0.059999999997671694,99999.94,-0.20000000000000015,1.0,0.22,2.0,0.7249999999912689,16.0,0.9950248756218906,6.4,200.0,54.0,-0.050000000000000044,inventory_skew,0.0,0.0
-1.5134088426904668e-11,-0.06,31.63,438.0,997.0,534.0,25.0,436.0,46.0,3.0,0.02,4.0,0.02,0.0,0.139999999984866,100000.13999999998,-0.2799999999999999,0.0,0.0,1.0,0.5099999999947613,0.0,0.9701492537313433,0.0,200.0,54.0,0.44,avellaneda_stoikov,0.0,0.0
-3.492511835290202e-12,-0.02,2.74,427.0,988.0,513.0,48.0,427.0,99.0,13.0,0.05999999999999999,12.0,0.06,0.0,0.08999999999650754,100000.09,-0.12999999999999998,0.0,0.0,2.0,0.2550000000046566,9.0,0.9800995024875622,1.8333333333333333,200.0,55.0,0.28,naive_symmetric,0.0,0.0
-2.561140188817035e-11,-0.06,2.94,412.0,984.0,515.0,57.0,412.0,123.0,33.0,0.11000000000000001,19.0,0.095,0.0,-0.34000000002561137,99999.65999999997,0.28,2.0,-0.5700000000000001,6.0,0.9200000000128057,13.0,2.6865671641791047,2.1052631578947367,200.0,55.0,0.06000000000000005,inventory_skew,0.0,0.0
0.0,0.0,27.995,429.0,1000.0,523.0,48.0,428.0,83.0,0.0,0.0,0.0,0.0,0.0,0.0,100000.0,0.0,0.0,0.0,0.0,0.0,0.0,0.0,0.0,200.0,55.0,0.0,avellaneda_stoikov,0.0,0.0
-5.820677273504771e-12,-0.11000000000000004,2.43,405.0,972.0,502.0,65.0,405.0,137.0,53.0,0.16000000000000006,31.0,0.155,0.0,0.14999999999417923,100000.15,0.7,1.0,-0.08,5.0,0.7050000000162981,12.0,1.8258706467661692,2.4193548387096775,200.0,56.0,-0.31,naive_symmetric,0.0,0.0
1.9790682981302155e-11,-0.11,2.975,435.0,990.0,519.0,36.0,435.0,78.0,19.0,0.06999999999999999,13.0,0.065,0.0,-0.009999999980209395,99999.99000000002,0.20999999999999994,1.0,-0.09,3.0,0.27000000000407454,18.0,1.1741293532338308,4.615384615384615,200.0,56.0,-0.060000000000000026,inventory_skew,0.0,0.0
0.0,0.0,29.285,439.0,1000.0,519.0,42.0,436.0,85.0,0.0,0.0,0.0,0.0,0.0,0.0,100000.0,0.0,0.0,0.0,0.0,0.0,0.0,0.0,0.0,200.0,56.0,0.0,avellaneda_stoikov,0.0,0.0
9.89541781848402e-12,0.04999999999999999,2.4972375690607733,398.0,941.0,489.0,54.0,398.0,114.0,50.0,0.15000000000000002,24.0,0.12,0.0,0.8700000000098953,100000.87000000001,0.8099999999999999,1.0,-0.24,10.0,1.054999999993015,5.0,4.393034825870647,0.6666666666666666,200.0,57.0,0.45000000000000007,naive_symmetric,0.0,0.0945273631840796
-1.7462697954329087e-12,0.0,2.865,418.0,989.0,516.0,55.0,418.0,111.0,0.0,0.07999999999999999,14.0,0.07,0.0,-0.08000000000174623,99999.92,0.17000000000000004,1.0,-0.4,3.0,0.21999999998661224,15.0,1.2736318407960199,2.4285714285714284,200.0,57.0,0.22999999999999998,inventory_skew,0.0,0.0
0.0,0.0,27.08,440.0,1000.0,512.0,48.0,437.0,82.0,0.0,0.0,0.0,0.0,0.0,0.0,100000.0,0.0,0.0,0.0,0.0,0.0,0.0,0.0,0.0,200.0,57.0,0.0,avellaneda_stoikov,0.0,0.0
4.074851567281712e-12,0.17,2.685,413.0,974.0,508.0,53.0,413.0,120.0,31.0,0.15000000000000005,29.0,0.145,0.0,-0.47999999999592546,99999.52,0.11999999999999994,1.0,0.09,7.0,1.220000000015716,9.0,1.756218905472637,1.3793103448275863,200.0,58.0,-0.5400000000000001,naive_symmetric,0.0,0.0
-5.238955103070708e-12,-0.04,2.985,436.0,992.0,511.0,45.0,436.0,86.0,3.0,0.04,8.0,0.04,0.0,0.00999999999476131,100000.01,0.3700000000000002,0.0,0.0,3.0,0.7400000000052387,9.0,1.2139303482587065,2.25,200.0,58.0,-0.31999999999999995,inventory_skew,0.0,0.0
-7.567016457876719e-12,0.01,30.01,426.0,998.0,526.0,46.0,420.0,93.0,2.0,0.01,2.0,0.01,0.0,0.069999999992433,100000.06999999999,0.16000000000000003,0.0,0.0,1.0,0.305000000007567,10.0,0.9552238805970149,5.0,200.0,58.0,-0.08000000000000002,avellaneda_stoikov,0.0,0.0
1.1641576591614466e-11,0.009999999999999997,2.88,442.0,995.0,516.0,37.0,442.0,65.0,14.0,0.05,8.0,0.04,0.0,-0.04999999998835847,99999.95000000001,-0.39000000000000007,1.0,0.32,3.0,0.5800000000017462,9.0,1.9402985074626866,1.75,200.0,59.0,0.07,naive_symmetric,0.0,0.0
3.201416909348609e-11,0.039999999999999994,2.97,429.0,985.0,505.0,51.0,429.0,88.0,64.0,0.11000000000000001,18.0,0.09,0.0,-0.1999999999679858,99999.80000000003,-0.63,1.0,0.56,4.0,0.8999999999796273,9.0,1.8308457711442787,0.8888888888888888,200.0,59.0,-0.02000000000000001,inventory_skew,0.0,0.0
-1.1642492525609782e-12,0.01,25.365,439.0,1000.0,516.0,45.0,438.0,85.0,12.0,0.02,3.0,0.015,0.0,0.029999999998835847,100000.03,-0.2699999999999999,1.0,0.13,2.0,0.28999999999359716,4.0,1.0199004975124377,1.3333333333333333,200.0,59.0,0.19,avellaneda_stoikov,0.0,0.0
-2.0954793455985055e-11,-0.030000000000000002,2.575,419.0,979.0,502.0,58.0,419.0,114.0,4.0,0.14000000000000004,24.0,0.12,0.0,0.03999999997904524,100000.03999999998,0.3,1.0,-0.4,4.0,0.39999999999417923,18.0,1.7213930348258706,2.5,200.0,60.0,0.28,naive_symmetric,0.0,0.0
1.1059375637501034e-11,0.049999999999999996,2.945,412.0,972.0,506.0,54.0,412.0,123.0,42.0,0.17000000000000004,31.0,0.155,0.0,-0.40999999998894054,99999.59000000001,-0.1499999999999999,1.0,-0.15,6.0,0.9250000000174623,14.0,2.4029850746268657,2.2903225806451615,200.0,60.0,0.060000000000000005,inventory_skew,0.0,0.0
-4.074532378162132e-12,0.02,22.273809523809526,375.0,874.0,480.0,19.0,373.0,31.0,0.0,0.01,1.0,0.005,0.0,-0.020000000004074536,99999.98,0.009999999999999998,1.0,-0.03,1.0,0.029999999998835847,0.0,0.07462686567164178,0.0,200.0,60.0,0.01,avellaneda_stoikov,0.0,0.0
9.895473329635252e-12,0.06,2.56,419.0,977.0,506.0,52.0,419.0,109.0,22.0,0.14000000000000004,26.0,0.13,0.0,-0.3799999999901047,99999.62000000001,0.3699999999999999,1.0,-0.22,5.0,0.610000000015134,11.0,1.9253731343283582,1.6153846153846154,200.0,61.0,-0.39,naive_symmetric,0.0,0.0
3.376049440007023e-11,0.11000000000000001,2.98,430.0,993.0,517.0,46.0,430.0,85.0,9.0,0.06,10.0,0.05,0.0,-0.11999999996623956,99999.88000000003,-0.3000000000000001,1.0,-0.3,3.0,0.3149999999877764,7.0,1.2985074626865671,1.6,200.0,61.0,0.54,inventory_skew,0.0,0.0
1.1641687613916929e-11,0.04,27.145833333333332,423.0,964.0,494.0,47.0,418.0,98.0,10.0,0.02,4.0,0.02,0.0,0.45000000001164153,100000.45000000001,0.07999999999999982,0.0,0.0,2.0,0.3200000000069849,8.0,0.9154228855721394,2.0,200.0,61.0,0.39,avellaneda_stoikov,0.0,0.0
-9.312772775160738e-12,0.060000000000000005,2.66,440.0,988.0,507.0,41.0,440.0,83.0,13.0,0.1,15.0,0.075,0.0,-0.010000000009313226,99999.98999999999,-0.6000000000000004,2.0,0.62,6.0,1.2050000000162981,7.0,3.825870646766169,0.9333333333333333,200.0,62.0,0.07,naive_symmetric,0.0,0.0
-1.7459922396767524e-12,0.0,2.99,432.0,999.0,520.0,47.0,432.0,80.0,13.0,0.03,4.0,0.02,0.0,-0.08000000000174623,99999.92,-0.23000000000000023,1.0,0.2,3.0,0.6150000000052387,0.0,1.855721393034826,0.0,200.0,62.0,-0.01999999999999999,inventory_skew,0.0,0.0
0.0,0.0,24.48,436.0,1000.0,522.0,42.0,435.0,69.0,0.0,0.0,0.0,0.0,0.0,0.0,100000.0,0.0,0.0,0.0,0.0,0.0,0.0,0.0,0.0,200.0,62.0,0.0,avellaneda_stoikov,0.0,0.0
-3.4920955016559674e-12,-0.04,2.875,435.0,996.0,509.0,52.0,434.0,91.0,5.0,0.05,7.0,0.035,0.0,-0.16000000000349246,99999.84,-0.9400000000000004,1.0,0.99,3.0,1.2650000000139698,5.0,2.5671641791044775,1.0,200.0,63.0,-0.16,naive_symmetric,0.0,0.0
1.571606039751927e-11,-0.03,2.73,432.0,992.0,507.0,53.0,431.0,95.0,5.0,0.04,8.0,0.04,0.0,-0.02999999998428393,99999.97000000002,-0.18,0.0,0.0,2.0,0.33000000000174623,6.0,0.39800995024875624,0.875,200.0,63.0,0.19,inventory_skew,0.0,0.0
5.238809386298726e-12,0.02,27.875,452.0,1002.0,517.0,33.0,450.0,51.0,10.0,0.01,1.0,0.005,0.0,-0.00999999999476131,99999.99,-0.34000000000000014,1.0,0.33,1.0,0.3899999999994179,0.0,0.9601990049751243,0.0,200.0,63.0,0.01,avellaneda_stoikov,0.0,0.0
-2.3282487049414158e-12,-0.05,2.7191011235955056,402.0,943.0,489.0,52.0,402.0,97.0,27.0,0.11,16.0,0.08,0.0,-0.1900000000023283,99999.81,0.66,2.0,-0.78,10.0,1.4149999999935972,13.0,6.482587064676617,1.4375,200.0,64.0,0.03999999999999994,naive_symmetric,0.0,0.10945273631840796
-4.598391806220903e-11,0.029999999999999992,2.864321608040201,415.0,974.0,511.0,48.0,415.0,98.0,54.0,0.13000000000000003,25.0,0.125,0.0,0.05999999995401595,100000.05999999995,0.44999999999999996,1.0,-0.04,6.0,0.5500000000029104,10.0,1.592039800995025,1.44,200.0,64.0,-0.22000000000000006,inventory_skew,0.0,0.0
0.0,0.0,29.595,444.0,1000.0,512.0,44.0,435.0,80.0,0.0,0.0,0.0,0.0,0.0,0.0,100000.0,0.0,0.0,0.0,0.0,0.0,0.0,0.0,0.0,200.0,64.0,0.0,avellaneda_stoikov,0.0,0.0
-1.804426053020336e-11,0.12999999999999998,2.58,416.0,971.0,501.0,54.0,414.0,124.0,19.0,0.15000000000000005,30.0,0.15,0.0,0.08999999998195563,100000.08999999998,0.24,0.0,0.0,3.0,0.4949999999953434,17.0,1.0796019900497513,2.8333333333333335,200.0,65.0,-4.163336342344337e-17,naive_symmetric,0.0,0.0
2.5029325834147187e-11,-6.938893903907228e-18,2.825,425.0,986.0,510.0,51.0,424.0,101.0,11.0,0.09000000000000001,17.0,0.085,0.0,-0.019999999974970706,99999.98000000003,-0.06,1.0,-0.09,2.0,0.180000000007567,13.0,0.7014925373134329,2.9411764705882355,200.0,65.0,0.21999999999999997,inventory_skew,0.0,0.0
-6.402836594254779e-12,0.01,26.83,437.0,998.0,517.0,44.0,432.0,83.0,4.0,0.01,2.0,0.01,0.0,0.03999999999359716,100000.04,-0.01,0.0,0.0,1.0,0.010000000009313226,9.0,0.009950248756218905,4.5,200.0,65.0,0.06,avellaneda_stoikov,0.0,0.0
2.211919536421192e-11,-0.030000000000000002,2.705,435.0,998.0,515.0,48.0,435.0,87.0,2.0,0.049999999999999996,5.0,0.025,0.0,-0.06999999997788109,99999.93000000002,0.6399999999999998,3.0,-1.1500000000000001,5.0,1.9399999999877764,2.0,4.527363184079602,0.4,200.0,66.0,0.49,naive_symmetric,0.0,0.0
2.211930638651438e-11,-3.469446951953614e-18,2.98,428.0,995.0,509.0,58.0,428.0,104.0,2.0,0.05,8.0,0.04,0.0,-0.06999999997788109,99999.93000000002,0.4299999999999996,1.0,-0.48,5.0,0.4400000000023283,6.0,1.9253731343283582,0.75,200.0,66.0,0.02999999999999997,inventory_skew,0.0,0.0
5.238698363996264e-12,-0.01,19.091743119266056,254.0,637.0,359.0,24.0,253.0,45.0,2.0,0.02,2.0,0.01,0.0,-0.00999999999476131,99999.99,0.0700000000000001,1.0,-0.7000000000000001,1.0,0.22000000000116415,0.0,0.8756218905472637,0.0,200.0,66.0,0.64,avellaneda_stoikov,0.0,0.0
-1.7462198353968006e-11,0.0,2.785,451.0,998.0,511.0,36.0,451.0,59.0,42.0,0.030000000000000002,5.0,0.025,0.0,-0.0500000000174623,99999.94999999998,0.35,1.0,-0.46,1.0,0.15000000000873115,4.0,0.8258706467661692,1.4,200.0,67.0,0.09,naive_symmetric,0.0,0.0
-1.7462198353968006e-11,0.0,2.88,451.0,998.0,511.0,36.0,451.0,59.0,42.0,0.030000000000000002,5.0,0.025,0.0,-0.0500000000174623,99999.94999999998,0.35,1.0,-0.46,1.0,0.15000000000873115,4.0,0.8258706467661692,1.4,200.0,67.0,0.09,inventory_skew,0.0,0.0
0.0,0.0,27.835,433.0,1000.0,521.0,46.0,427.0,78.0,0.0,0.0,0.0,0.0,0.0,0.0,100000.0,0.0,0.0,0.0,0.0,0.0,0.0,0.0,0.0,200.0,67.0,0.0,avellaneda_stoikov,0.0,0.0
9.313234211605348e-12,0.05,2.8,437.0,996.0,519.0,40.0,437.0,68.0,0.0,0.02,4.0,0.02,0.0,0.010000000009313226,100000.01000000001,-0.060000000000000005,0.0,0.0,1.0,0.11999999999534339,9.0,0.21890547263681592,3.25,200.0,68.0,0.09,naive_symmetric,0.0,0.0
9.313234211605348e-12,0.05,2.965,437.0,996.0,519.0,40.0,437.0,68.0,0.0,0.02,4.0,0.02,0.0,0.010000000009313226,100000.01000000001,-0.060000000000000005,0.0,0.0,1.0,0.11999999999534339,9.0,0.21890547263681592,3.25,200.0,68.0,0.09,inventory_skew,0.0,0.0
0.0,0.0,28.645,437.0,1000.0,517.0,46.0,434.0,84.0,0.0,0.0,0.0,0.0,0.0,0.0,100000.0,0.0,0.0,0.0,0.0,0.0,0.0,0.0,0.0,200.0,68.0,0.0,avellaneda_stoikov,0.0,0.0
9.31322900743492e-12,-0.019999999999999997,2.755,437.0,998.0,509.0,52.0,436.0,91.0,0.0,0.01,2.0,0.01,0.0,0.010000000009313226,100000.01000000001,-0.01,0.0,0.0,1.0,0.00999999999476131,0.0,0.004975124378109453,0.0,200.0,69.0,0.03,naive_symmetric,0.0,0.0
9.31322900743492e-12,-0.019999999999999997,2.755,437.0,998.0,509.0,52.0,436.0,91.0,0.0,0.01,2.0,0.01,0.0,0.010000000009313226,100000.01000000001,-0.01,0.0,0.0,1.0,0.00999999999476131,0.0,0.004975124378109453,0.0,200.0,69.0,0.03,inventory_skew,0.0,0.0
0.0,0.0,28.12,439.0,1000.0,525.0,36.0,438.0,64.0,0.0,0.0,0.0,0.0,0.0,0.0,100000.0,0.0,0.0,0.0,0.0,0.0,0.0,0.0,0.0,200.0,69.0,0.0,avellaneda_stoikov,0.0,0.0
1.8626433728741176e-11,0.09000000000000001,2.595,412.0,976.0,520.0,44.0,412.0,107.0,26.0,0.15000000000000002,27.0,0.135,0.0,0.7700000000186265,100000.77000000002,-0.2599999999999999,1.0,0.24,8.0,0.7149999999819556,19.0,3.487562189054726,1.4074074074074074,200.0,70.0,0.94,naive_symmetric,0.0,0.0
3.4924951819448324e-11,-0.01,3.5670103092783507,419.0,972.0,509.0,44.0,419.0,91.0,4.0,0.14,19.0,0.095,0.0,-1.3999999999650754,99998.60000000003,1.5699999999999998,3.0,-3.15,10.0,3.289999999993597,18.0,7.079601990049751,1.4736842105263157,200.0,70.0,0.31999999999999995,inventory_skew,0.0,0.029850746268656716
2.3283597272438783e-12,-0.05,15.597701149425287,206.0,544.0,314.0,24.0,202.0,45.0,3.0,0.04,7.0,0.035,0.0,0.1900000000023283,100000.19,0.10999999999999997,1.0,-0.36,1.0,0.5899999999965075,0.0,0.6616915422885572,0.0,200.0,70.0,0.48,avellaneda_stoikov,0.0,0.0
7.56694706893768e-12,-0.020000000000000004,2.395,432.0,997.0,518.0,47.0,432.0,94.0,11.0,0.04,6.0,0.03,0.0,-0.069999999992433,99999.93000000001,0.22,1.0,-0.86,2.0,0.11000000000058208,6.0,0.6567164179104478,3.6666666666666665,200.0,71.0,0.6100000000000001,naive_symmetric,0.0,0.0
1.3969936318858345e-11,-0.05999999999999999,2.78,429.0,991.0,515.0,47.0,429.0,108.0,11.0,0.07999999999999999,12.0,0.06,0.0,-0.35999999998603016,99999.64000000001,-0.42000000000000004,2.0,1.16,4.0,1.5749999999970896,17.0,1.0149253731343284,4.333333333333333,200.0,71.0,-1.02,inventory_skew,0.0,0.0
-5.820899318109696e-13,-0.01,30.52020202020202,445.0,994.0,505.0,44.0,441.0,76.0,2.0,0.01,1.0,0.005,0.0,0.13999999999941792,100000.14,0.38,1.0,-0.4,1.0,0.11000000000058208,0.0,0.9800995024875622,0.0,200.0,71.0,0.17,avellaneda_stoikov,0.0,0.0
0.0,-0.08,2.695,440.0,994.0,506.0,48.0,440.0,88.0,12.0,0.049999999999999996,9.0,0.045,0.0,0.0,100000.0,0.15,1.0,-0.18,3.0,0.33500000000640284,10.0,1.2388059701492538,3.6666666666666665,200.0,72.0,0.07999999999999999,naive_symmetric,0.0,0.0
6.402828267582095e-11,-0.05000000000000001,2.995,413.0,981.0,515.0,53.0,413.0,108.0,7.0,0.12000000000000004,22.0,0.11,0.0,-0.3999999999359716,99999.60000000006,-0.7600000000000001,2.0,0.21000000000000002,9.0,1.389999999970314,9.0,2.781094527363184,1.2272727272727273,200.0,72.0,0.27000000000000024,inventory_skew,0.0,0.0
0.0,0.0,27.955,441.0,1000.0,515.0,44.0,439.0,82.0,0.0,0.0,0.0,0.0,0.0,0.0,100000.0,0.0,0.0,0.0,0.0,0.0,0.0,0.0,0.0,200.0,72.0,0.0,avellaneda_stoikov,0.0,0.0
2.0954848967136286e-11,0.03,2.555,431.0,995.0,516.0,48.0,431.0,98.0,3.0,0.05,8.0,0.04,0.0,-0.03999999997904524,99999.96000000002,-0.10000000000000002,1.0,0.42,2.0,0.694999999992433,15.0,1.0497512437810945,5.75,200.0,73.0,-0.31000000000000005,naive_symmetric,0.0,0.0
1.979078012581681e-11,0.04,2.975,434.0,1000.0,523.0,43.0,434.0,73.0,0.0,0.02,3.0,0.015,0.0,-0.009999999980209395,99999.99000000002,-0.2700000000000002,1.0,0.19,1.0,0.3600000000005821,1.0,0.9651741293532339,0.3333333333333333,200.0,73.0,0.09,inventory_skew,0.0,0.0
0.0,0.0,28.065,431.0,1000.0,522.0,47.0,430.0,92.0,0.0,0.0,0.0,0.0,0.0,0.0,100000.0,0.0,0.0,0.0,0.0,0.0,0.0,0.0,0.0,200.0,73.0,0.0,avellaneda_stoikov,0.0,0.0
5.551115123125783e-17,-0.04,2.875,433.0,1000.0,515.0,52.0,433.0,87.0,0.0,0.02,3.0,0.015,0.0,0.0,100000.0,0.43,1.0,-0.39,1.0,0.13999999999941792,12.0,0.9701492537313433,4.0,200.0,74.0,-0.02,naive_symmetric,0.0,0.0
6.40276720531574e-12,-0.010000000000000002,2.905,438.0,994.0,508.0,48.0,438.0,84.0,1.0,0.049999999999999996,9.0,0.045,0.0,-0.03999999999359716,99999.96,0.48000000000000004,1.0,-0.44,2.0,0.19999999999708962,12.0,0.945273631840796,2.6666666666666665,200.0,74.0,-0.03,inventory_skew,0.0,0.0
5.551115123125783e-17,0.02,27.91,444.0,1002.0,521.0,37.0,440.0,60.0,1.0,0.01,1.0,0.005,0.0,0.0,100000.0,0.42,1.0,-0.44,1.0,0.13999999999941792,0.0,0.9651741293532339,0.0,200.0,74.0,0.03,avellaneda_stoikov,0.0,0.0
-1.7462267742907045e-11,-0.07999999999999999,2.585,414.0,982.0,506.0,62.0,414.0,121.0,0.0,0.11000000000000003,21.0,0.105,0.0,-0.0500000000174623,99999.94999999998,-0.060000000000000005,1.0,0.01,5.0,0.7200000000011642,13.0,2.63681592039801,1.4285714285714286,200.0,75.0,0.11,naive_symmetric,0.0,0.0
-2.0372703524174085e-11,-0.15,2.875,430.0,986.0,509.0,47.0,430.0,89.0,0.0,0.09000000000000001,17.0,0.085,0.0,-0.3500000000203727,99999.64999999998,0.030000000000000034,1.0,-0.12,4.0,0.5399999999935972,10.0,1.855721393034826,2.176470588235294,200.0,75.0,-0.17,inventory_skew,0.0,0.0
0.0,0.0,31.395,439.0,1000.0,524.0,37.0,430.0,64.0,0.0,0.0,0.0,0.0,0.0,0.0,100000.0,0.0,0.0,0.0,0.0,0.0,0.0,0.0,0.0,200.0,75.0,0.0,avellaneda_stoikov,0.0,0.0
9.31332788667305e-12,-0.019999999999999997,2.79,437.0,1000.0,521.0,42.0,437.0,66.0,0.0,0.02,3.0,0.015,0.0,0.010000000009313226,100000.01000000001,0.23999999999999994,1.0,-0.37,1.0,0.21000000000640284,5.0,0.9402985074626866,2.0,200.0,76.0,0.16,naive_symmetric,0.0,0.0
-1.1642076191975548e-12,-0.019999999999999997,2.8,416.0,984.0,513.0,55.0,416.0,111.0,0.0,0.08,16.0,0.08,0.0,0.029999999998835847,100000.03,-0.12000000000000004,0.0,0.0,2.0,1.2850000000034925,8.0,0.8208955223880597,2.5625,200.0,76.0,0.2300000000000001,inventory_skew,0.0,0.0
-5.820566251202308e-12,-0.03,29.487437185929647,445.0,997.0,514.0,38.0,435.0,62.0,0.0,0.02,2.0,0.01,0.0,-0.10000000000582077,99999.9,0.32999999999999985,1.0,-0.8200000000000001,2.0,0.41999999999825377,0.0,1.8059701492537314,0.0,200.0,76.0,0.41000000000000003,avellaneda_stoikov,0.0,0.0
3.4924507730238474e-11,-0.049999999999999996,2.7386363636363638,405.0,938.0,488.0,45.0,403.0,98.0,37.0,0.13,17.0,0.085,0.0,-0.8999999999650754,99999.10000000003,-0.15999999999999995,3.0,-1.44,10.0,3.264999999999418,8.0,7.208955223880597,0.7647058823529411,200.0,77.0,0.83,naive_symmetric,0.0,0.11940298507462686
1.4552137272971777e-11,-0.039999999999999994,3.458100558659218,399.0,930.0,487.0,44.0,396.0,99.0,54.0,0.17000000000000004,27.0,0.135,0.0,-1.749999999985448,99998.25000000001,-0.30000000000000004,3.0,-1.82,10.0,3.2850000000180444,10.0,6.890547263681592,0.8888888888888888,200.0,77.0,0.5399999999999999,inventory_skew,0.0,0.0945273631840796
-4.656622309973102e-12,-0.03,22.38,440.0,998.0,529.0,29.0,438.0,54.0,13.0,0.01,2.0,0.01,0.0,0.11999999999534339,100000.12,0.04,0.0,0.0,1.0,0.0,0.0,0.03980099502487562,0.0,200.0,77.0,0.09,avellaneda_stoikov,0.0,0.0
6.984524070219322e-12,0.0,2.77,443.0,995.0,507.0,45.0,443.0,84.0,7.0,0.08,8.0,0.04,0.0,-0.17999999999301508,99999.82,0.4700000000000003,2.0,-0.8,8.0,1.0399999999935972,6.0,7.432835820895522,0.75,200.0,78.0,0.23000000000000004,naive_symmetric,0.0,0.0
5.529776636592487e-11,0.07,3.1218274111675126,419.0,973.0,498.0,56.0,419.0,104.0,17.0,0.13000000000000003,22.0,0.11,0.0,-0.5499999999447027,99999.45000000006,0.7299999999999995,1.0,-0.6,10.0,1.5249999999796273,0.0,5.2835820895522385,0.0,200.0,78.0,-0.55,inventory_skew,0.0,0.009950248756218905
0.0,0.0,28.160804020100503,436.0,996.0,526.0,34.0,435.0,55.0,0.0,0.0,0.0,0.0,0.0,0.0,100000.0,0.0,0.0,0.0,0.0,0.0,0.0,0.0,0.0,200.0,78.0,0.0,avellaneda_stoikov,0.0,0.0
6.402794960891356e-12,0.02,2.89,432.0,999.0,522.0,45.0,432.0,77.0,0.0,0.03,4.0,0.02,0.0,-0.03999999999359716,99999.96,0.12000000000000004,1.0,0.14,2.0,0.4299999999930151,6.0,1.3830845771144278,1.5,200.0,79.0,-0.27,naive_symmetric,0.0,0.0
1.047738285020472e-11,0.0,2.925,435.0,1000.0,513.0,52.0,435.0,93.0,0.0,0.02,3.0,0.015,0.0,-0.01999999998952262,99999.98000000001,0.04000000000000001,1.0,0.08,1.0,0.22499999999126885,6.0,0.7213930348258707,2.0,200.0,79.0,-0.12000000000000001,inventory_skew,0.0,0.0
-5.238670608420648e-12,0.01,23.745,438.0,1002.0,518.0,46.0,436.0,78.0,6.0,0.01,1.0,0.005,0.0,0.00999999999476131,100000.01,0.039999999999999994,1.0,-0.21,1.0,0.059999999997671694,0.0,0.31343283582089554,0.0,200.0,79.0,0.19,avellaneda_stoikov,0.0,0.0
8.730793865652231e-12,0.01,2.89,445.0,998.0,515.0,38.0,445.0,64.0,14.0,0.04,5.0,0.025,0.0,-0.09999999999126885,99999.90000000001,-0.5399999999999996,1.0,0.51,4.0,0.9150000000081491,5.0,2.7661691542288556,1.2,200.0,80.0,-0.030000000000000013,naive_symmetric,0.0,0.0
5.8206217623535395e-12,0.0,2.98,445.0,999.0,525.0,29.0,445.0,47.0,14.0,0.03,4.0,0.02,0.0,-0.14999999999417923,99999.85,-0.4499999999999998,1.0,0.3,3.0,0.6600000000034925,5.0,1.9900497512437811,1.5,200.0,80.0,0.03,inventory_skew,0.0,0.0
-1.6653345369377348e-16,0.02,26.495,439.0,1002.0,521.0,42.0,436.0,74.0,15.0,0.01,1.0,0.005,0.0,0.0,100000.0,-0.18999999999999984,1.0,0.16,1.0,0.3200000000069849,0.0,0.9651741293532339,0.0,200.0,80.0,0.04,avellaneda_stoikov,0.0,0.0
-6.402656183013278e-12,0.03,2.57,430.0,993.0,507.0,56.0,429.0,103.0,2.0,0.06,10.0,0.05,0.0,0.03999999999359716,100000.04,0.6199999999999999,1.0,-0.48,3.0,0.33000000000174623,14.0,2.572139303482587,2.0,200.0,81.0,-0.03999999999999998,naive_symmetric,0.0,0.0
-5.551115123125783e-17,0.06,2.905,433.0,992.0,512.0,47.0,432.0,80.0,2.0,0.05999999999999999,11.0,0.055,0.0,0.0,100000.0,0.11000000000000004,1.0,-0.24,3.0,0.3000000000029104,4.0,1.1144278606965174,0.6363636363636364,200.0,81.0,0.19000000000000003,inventory_skew,0.0,0.0
-6.98485713712671e-12,0.0,27.77,445.0,1002.0,528.0,29.0,442.0,54.0,6.0,0.01,1.0,0.005,0.0,-0.07000000000698492,99999.93,0.25,1.0,-0.4,1.0,0.11999999999534339,0.0,0.8955223880597015,0.0,200.0,81.0,0.09,avellaneda_stoikov,0.0,0.0
2.3283153183228933e-11,-0.08999999999999998,2.4565217391304346,267.0,673.0,360.0,46.0,263.0,103.0,59.0,0.16,22.0,0.11,0.0,-0.34999999997671694,99999.65000000002,0.5800000000000005,2.0,-2.6,10.0,2.4899999999906868,6.0,8.328358208955224,0.5454545454545454,200.0,82.0,1.8299999999999996,naive_symmetric,0.0,0.7661691542288557
5.180475493027359e-11,-0.03,2.845,423.0,992.0,525.0,44.0,422.0,87.0,35.0,0.05999999999999999,11.0,0.055,0.0,-0.20999999994819518,99999.79000000005,-0.43999999999999995,1.0,0.15,5.0,0.6149999999761349,15.0,0.6417910447761194,1.9090909090909092,200.0,82.0,0.13999999999999999,inventory_skew,0.0,0.0
4.656663943336525e-12,-0.01,28.281407035175878,434.0,998.0,517.0,47.0,424.0,71.0,8.0,0.01,1.0,0.005,0.0,0.1300000000046566,100000.13,-0.17000000000000004,1.0,0.19,1.0,0.28999999999359716,0.0,0.8905472636815921,0.0,200.0,82.0,0.12,avellaneda_stoikov,0.0,0.0
1.9790613592363115e-11,0.01,2.635,429.0,994.0,514.0,51.0,428.0,100.0,0.0,0.06,9.0,0.045,0.0,-0.009999999980209395,99999.99000000002,-0.99,1.0,0.99,3.0,1.0949999999866122,17.0,2.1592039800995027,4.111111111111111,200.0,83.0,0.05,naive_symmetric,0.0,0.0
5.238587341693801e-12,-0.009999999999999992,2.925,424.0,996.0,515.0,57.0,423.0,104.0,0.0,0.04,7.0,0.035,0.0,-0.00999999999476131,99999.99,-0.25999999999999995,1.0,0.33,1.0,0.430000000007567,13.0,0.8905472636815921,2.5714285714285716,200.0,83.0,-0.03999999999999998,inventory_skew,0.0,0.0
-2.910449659054848e-12,-0.01,27.955,438.0,1002.0,515.0,49.0,435.0,77.0,7.0,0.01,1.0,0.005,0.0,-0.05000000000291038,99999.95,-0.3499999999999999,1.0,0.26,1.0,0.41000000000349246,0.0,0.9751243781094527,0.0,200.0,83.0,0.05,avellaneda_stoikov,0.0,0.0
4.3073544730987123e-11,-0.039999999999999994,2.57,417.0,978.0,510.0,51.0,417.0,113.0,5.0,0.16000000000000003,25.0,0.125,0.0,-0.35999999995692633,99999.64000000004,1.6400000000000001,2.0,-1.6400000000000001,9.0,0.9999999999854481,17.0,3.1691542288557213,3.84,200.0,84.0,-0.20000000000000004,naive_symmetric,0.0,0.0
3.9581449229331156e-11,-0.13,3.10625,385.0,905.0,472.0,48.0,385.0,105.0,9.0,0.12000000000000001,18.0,0.09,0.0,0.2300000000395812,100000.23000000004,1.27,2.0,-1.32,10.0,1.7049999999726424,11.0,5.442786069651741,1.1111111111111112,200.0,84.0,0.3999999999999999,inventory_skew,0.0,0.19900497512437812
0.0,0.0,28.835,440.0,1000.0,518.0,42.0,434.0,93.0,0.0,0.0,0.0,0.0,0.0,0.0,100000.0,0.0,0.0,0.0,0.0,0.0,0.0,0.0,0.0,200.0,84.0,0.0,avellaneda_stoikov,0.0,0.0
1.1641604347190082e-11,0.0,2.5,429.0,1000.0,522.0,49.0,429.0,86.0,0.0,0.02,3.0,0.015,0.0,-0.04999999998835847,99999.95000000001,-0.3400000000000001,1.0,0.23,2.0,0.4949999999953434,9.0,1.1243781094527363,4.666666666666667,200.0,85.0,0.08,naive_symmetric,0.0,0.0
2.3282764605170314e-12,0.0,2.845,428.0,996.0,526.0,42.0,428.0,82.0,0.0,0.04,7.0,0.035,0.0,-0.059999999997671694,99999.94,-0.42999999999999994,1.0,0.23,2.0,0.7200000000011642,15.0,1.3482587064676617,6.428571428571429,200.0,85.0,0.17999999999999994,inventory_skew,0.0,0.0
0.0,0.0,29.81,433.0,1000.0,519.0,48.0,431.0,84.0,0.0,0.0,0.0,0.0,0.0,0.0,100000.0,0.0,0.0,0.0,0.0,0.0,0.0,0.0,0.0,200.0,85.0,0.0,avellaneda_stoikov,0.0,0.0
-1.1640466368589841e-11,0.09,2.36734693877551,267.0,679.0,360.0,52.0,265.0,106.0,35.0,0.16000000000000003,22.0,0.11,0.0,-0.7000000000116415,99999.29999999999,-2.000000000000001,3.0,0.81,10.0,2.8650000000052387,7.0,8.417910447761194,0.6363636363636364,200.0,86.0,0.65,naive_symmetric,0.0,0.7512437810945274
-2.328692794151266e-12,0.09999999999999999,2.98,416.0,979.0,512.0,51.0,413.0,107.0,42.0,0.13000000000000003,24.0,0.12,0.0,0.5599999999976717,100000.56,-0.6799999999999997,1.0,0.4,8.0,1.5199999999895226,8.0,3.656716417910448,0.75,200.0,86.0,0.9700000000000001,inventory_skew,0.0,0.0
-3.4923869351999315e-12,-0.03,28.97,446.0,1000.0,526.0,28.0,440.0,47.0,6.0,0.02,3.0,0.015,0.0,0.08999999999650754,100000.09,-0.07000000000000008,1.0,0.11,2.0,0.3099999999976717,0.0,0.9950248756218906,0.0,200.0,86.0,0.07,avellaneda_stoikov,0.0,0.0
1.2223999590332824e-11,0.030000000000000002,2.81,432.0,998.0,528.0,38.0,432.0,64.0,0.0,0.05,5.0,0.025,0.0,-0.1899999999877764,99999.81000000001,-1.4900000000000004,2.0,1.25,5.0,2.1850000000122236,5.0,4.402985074626866,1.6,200.0,87.0,0.1,naive_symmetric,0.0,0.0
1.1641729247280352e-12,0.04000000000000001,2.92,422.0,992.0,530.0,40.0,422.0,69.0,13.0,0.04,8.0,0.04,0.0,-0.029999999998835847,99999.97,0.21999999999999997,0.0,0.0,3.0,0.28500000000349246,13.0,0.35323383084577115,2.625,200.0,87.0,-0.21,inventory_skew,0.0,0.0
-1.1059264615198572e-11,-0.019999999999999997,26.455,427.0,1000.0,526.0,47.0,423.0,90.0,13.0,0.03,3.0,0.015,0.0,0.15999999998894054,100000.15999999999,-0.6200000000000002,1.0,0.54,3.0,1.125,1.0,1.736318407960199,0.3333333333333333,200.0,87.0,0.27,avellaneda_stoikov,0.0,0.0
7.56719686911822e-12,-0.01,2.565,437.0,1001.0,515.0,49.0,436.0,88.0,0.0,0.02,2.0,0.01,0.0,-0.069999999992433,99999.93000000001,-0.21000000000000021,1.0,0.1,2.0,0.5599999999976717,8.0,1.5572139303482586,4.0,200.0,88.0,0.06,naive_symmetric,0.0,0.0
2.3865021070434977e-11,-3.469446951953614e-18,2.925,438.0,986.0,496.0,52.0,436.0,95.0,33.0,0.11000000000000001,17.0,0.085,0.0,-0.48999999997613486,99999.51000000002,-0.5199999999999999,1.0,-0.1,4.0,0.4899999999906868,9.0,1.109452736318408,2.5294117647058822,200.0,88.0,0.24000000000000002,inventory_skew,5.0,0.0
9.895223529454711e-12,0.03,22.3768115942029,314.0,750.0,403.0,33.0,310.0,63.0,1.0,0.030000000000000002,5.0,0.025,0.0,0.1200000000098953,100000.12000000001,0.1700000000000001,1.0,-0.23,1.0,0.24999999998544808,2.0,0.8407960199004975,0.4,200.0,88.0,0.21000000000000002,avellaneda_stoikov,0.0,0.0
-4.0745185003743245e-12,0.04,2.625,434.0,994.0,514.0,46.0,434.0,86.0,1.0,0.06,9.0,0.045,0.0,-0.020000000004074536,99999.98,0.24000000000000002,1.0,-0.54,3.0,0.23999999999068677,4.0,1.1791044776119404,1.2222222222222223,200.0,89.0,0.33999999999999997,naive_symmetric,0.0,0.0
1.862635393146128e-11,-0.029999999999999992,2.865,439.0,994.0,512.0,43.0,439.0,86.0,1.0,0.030000000000000002,6.0,0.03,0.0,0.02000000001862645,100000.02000000002,-0.08999999999999991,0.0,0.0,1.0,0.25,9.0,0.6716417910447762,4.5,200.0,89.0,0.14,inventory_skew,0.0,0.0
0.0,0.0,28.73,445.0,1000.0,511.0,44.0,439.0,79.0,0.0,0.0,0.0,0.0,0.0,0.0,100000.0,0.0,0.0,0.0,0.0,0.0,0.0,0.0,0.0,200.0,89.0,0.0,avellaneda_stoikov,0.0,0.0
1.8044676863837594e-11,-0.1,2.575,433.0,991.0,517.0,41.0,433.0,91.0,26.0,0.07999999999999999,12.0,0.06,0.0,-0.08999999998195563,99999.91000000002,-1.5700000000000003,1.0,1.0,5.0,2.3000000000029104,11.0,3.6218905472636815,2.5,200.0,90.0,0.56,naive_symmetric,0.0,0.0
5.238753875147495e-12,-0.04,2.98,441.0,1002.0,530.0,31.0,441.0,57.0,7.0,0.01,1.0,0.005,0.0,-0.00999999999476131,99999.99,0.31999999999999995,1.0,-0.3,1.0,0.22000000000116415,0.0,0.9402985074626866,0.0,200.0,90.0,-0.02,inventory_skew,0.0,0.0
0.0,0.0,29.11,442.0,1000.0,531.0,27.0,439.0,54.0,0.0,0.0,0.0,0.0,0.0,0.0,100000.0,0.0,0.0,0.0,0.0,0.0,0.0,0.0,0.0,200.0,90.0,0.0,avellaneda_stoikov,0.0,0.0
-6.40232311610589e-12,-0.03,2.815,432.0,996.0,517.0,47.0,432.0,83.0,9.0,0.04,7.0,0.035,0.0,0.03999999999359716,100000.04,1.1099999999999994,1.0,0.17,3.0,1.2300000000104774,12.0,2.3681592039800994,3.7142857142857144,200.0,91.0,-1.2,naive_symmetric,0.0,0.0
-1.979064134793873e-11,0.0,2.89,419.0,990.0,516.0,55.0,419.0,107.0,9.0,0.06999999999999999,13.0,0.065,0.0,0.009999999980209395,100000.00999999998,0.42000000000000004,1.0,0.17,3.0,0.7900000000081491,15.0,1.0099502487562189,3.5384615384615383,200.0,91.0,-0.51,inventory_skew,0.0,0.0
2.3284152383951096e-12,-0.01,26.720812182741117,434.0,988.0,504.0,50.0,433.0,81.0,13.0,0.02,3.0,0.015,0.0,0.1900000000023283,100000.19,0.5299999999999999,1.0,-0.2,2.0,0.3849999999947613,0.0,1.4179104477611941,0.0,200.0,91.0,-0.12,avellaneda_stoikov,0.0,0.0
-6.98396895870701e-12,0.019999999999999997,2.745,438.0,997.0,518.0,41.0,436.0,71.0,21.0,0.060000000000000005,6.0,0.03,0.0,-0.3200000000069849,99999.68,-1.4400000000000008,2.0,0.78,6.0,2.1000000000058208,7.0,5.45771144278607,1.1666666666666667,200.0,92.0,0.39999999999999997,naive_symmetric,0.0,0.0
8.731154688135234e-12,0.03,2.965,437.0,996.0,521.0,38.0,434.0,60.0,38.0,0.04,7.0,0.035,0.0,0.15000000000873115,100000.15000000001,-0.15000000000000002,1.0,0.23,3.0,0.4299999999930151,2.0,1.0845771144278606,0.2857142857142857,200.0,92.0,0.11,inventory_skew,0.0,0.0
2.910366392328001e-12,0.04000000000000001,28.473684210526315,352.0,808.0,439.0,17.0,350.0,33.0,1.0,0.02,3.0,0.015,0.0,0.05000000000291038,100000.05,0.27,1.0,0.18,1.0,0.47000000000116415,0.0,0.9402985074626866,0.0,200.0,92.0,-0.38,avellaneda_stoikov,0.0,0.0
-2.211886229730453e-11,-0.030000000000000006,2.655,429.0,985.0,502.0,54.0,429.0,96.0,55.0,0.11000000000000001,18.0,0.09,0.0,0.06999999997788109,100000.06999999998,0.27,1.0,-0.28,4.0,0.39500000000407454,5.0,2.0646766169154227,0.7222222222222222,200.0,93.0,0.18999999999999997,naive_symmetric,0.0,0.0
-9.31327237552182e-12,0.049999999999999996,2.8,426.0,986.0,513.0,47.0,426.0,90.0,37.0,0.06999999999999999,14.0,0.07,0.0,-0.010000000009313226,99999.98999999999,0.17000000000000004,0.0,0.0,4.0,0.3849999999947613,9.0,0.7960199004975125,1.0,200.0,93.0,-0.11,inventory_skew,0.0,0.0
0.0,0.0,24.315,449.0,1000.0,521.0,30.0,449.0,61.0,0.0,0.0,0.0,0.0,0.0,0.0,100000.0,0.0,0.0,0.0,0.0,0.0,0.0,0.0,0.0,200.0,93.0,0.0,avellaneda_stoikov,0.0,0.0
1.0477573669787077e-11,-0.01,2.585,440.0,999.0,508.0,51.0,440.0,85.0,0.0,0.03,4.0,0.02,0.0,-0.01999999998952262,99999.98000000001,-0.37000000000000016,1.0,-0.02,3.0,1.0200000000040745,6.0,2.3233830845771144,2.5,200.0,94.0,0.39999999999999997,naive_symmetric,0.0,0.0
-5.238519687478238e-12,-0.05,2.945,439.0,996.0,517.0,40.0,439.0,84.0,0.0,0.04,7.0,0.035,0.0,0.00999999999476131,100000.01,-0.3900000000000001,1.0,-0.01,3.0,1.0200000000040745,17.0,2.074626865671642,4.571428571428571,200.0,94.0,0.44999999999999996,inventory_skew,0.0,0.0
0.0,0.0,30.905,436.0,1000.0,529.0,35.0,430.0,63.0,0.0,0.0,0.0,0.0,0.0,0.0,100000.0,0.0,0.0,0.0,0.0,0.0,0.0,0.0,0.0,200.0,94.0,0.0,avellaneda_stoikov,0.0,0.0
-1.1641659858341313e-12,-0.03,2.825,433.0,998.0,521.0,44.0,433.0,76.0,10.0,0.01,2.0,0.01,0.0,0.029999999998835847,100000.03,0.06000000000000001,0.0,0.0,1.0,0.0650000000023283,0.0,0.04975124378109453,0.0,200.0,95.0,-0.019999999999999997,naive_symmetric,0.0,0.0
-1.1641659858341313e-12,-0.03,2.855,433.0,998.0,521.0,44.0,433.0,76.0,10.0,0.01,2.0,0.01,0.0,0.029999999998835847,100000.03,0.06000000000000001,0.0,0.0,1.0,0.0650000000023283,0.0,0.04975124378109453,0.0,200.0,95.0,-0.019999999999999997,inventory_skew,0.0,0.0
-4.074379722496246e-12,-0.02,27.38,436.0,1002.0,522.0,44.0,433.0,84.0,7.0,0.01,1.0,0.005,0.0,-0.020000000004074536,99999.98,-0.24000000000000013,1.0,0.21,1.0,0.39999999999417923,10.0,0.9900497512437811,10.0,200.0,95.0,0.02,avellaneda_stoikov,0.0,0.0
-1.9208523660552146e-11,0.04,2.825,419.0,990.0,526.0,45.0,418.0,85.0,28.0,0.049999999999999996,10.0,0.05,0.0,0.11999999998079147,100000.11999999998,0.16999999999999998,0.0,0.0,4.0,0.16000000000349246,8.0,0.7313432835820896,2.2,200.0,96.0,0.0,naive_symmetric,0.0,0.0
7.567169113542604e-12,0.039999999999999994,2.98,419.0,982.0,518.0,45.0,419.0,90.0,67.0,0.14,21.0,0.105,0.0,-0.319999999992433,99999.68000000001,-0.6800000000000002,1.0,0.28,7.0,1.3300000000017462,10.0,4.960199004975125,1.5238095238095237,200.0,96.0,0.22,inventory_skew,0.0,0.0
0.0,0.0,22.67,448.0,1000.0,525.0,27.0,445.0,45.0,0.0,0.0,0.0,0.0,0.0,0.0,100000.0,0.0,0.0,0.0,0.0,0.0,0.0,0.0,0.0,200.0,96.0,0.0,avellaneda_stoikov,0.0,0.0
3.434186268691519e-11,-0.08,2.6145833333333335,391.0,946.0,504.0,51.0,389.0,129.0,81.0,0.2500000000000001,41.0,0.205,0.0,0.9900000000343425,100000.99000000003,0.8300000000000003,2.0,-0.54,10.0,1.8000000000029104,20.0,6.318407960199005,2.024390243902439,200.0,97.0,0.9500000000000003,naive_symmetric,0.0,0.03980099502487562
-1.7462697954329087e-12,-0.030000000000000013,2.925,420.0,978.0,511.0,47.0,418.0,104.0,22.0,0.13000000000000003,25.0,0.125,0.0,-0.33000000000174623,99999.67,-0.019999999999999876,1.0,0.01,7.0,1.2299999999959255,14.0,2.691542288557214,2.16,200.0,97.0,-0.19000000000000003,inventory_skew,0.0,0.0
-6.984912648277941e-12,-0.01,29.969849246231156,436.0,998.0,514.0,48.0,432.0,85.0,1.0,0.01,1.0,0.005,0.0,0.17999999999301508,100000.18,-0.18999999999999997,1.0,0.02,1.0,0.27000000000407454,0.0,0.5124378109452736,0.0,200.0,97.0,0.36,avellaneda_stoikov,0.0,0.0
-5.81756864903582e-13,0.019999999999999997,2.895,441.0,998.0,509.0,48.0,440.0,83.0,9.0,0.04,5.0,0.025,0.0,-0.11000000000058208,99999.89,1.3399999999999999,1.0,-1.59,4.0,0.3299999999871943,6.0,2.353233830845771,1.8,200.0,98.0,0.18,naive_symmetric,0.0,0.0
-2.3280266603364907e-12,0.03,2.945,442.0,999.0,509.0,48.0,441.0,82.0,9.0,0.03,4.0,0.02,0.0,-0.1900000000023283,99999.81,0.8399999999999999,1.0,-1.12,3.0,0.3100000000122236,6.0,1.63681592039801,1.5,200.0,98.0,0.12,inventory_skew,0.0,0.0
-1.2223666523425436e-11,0.0,28.02,441.0,1002.0,523.0,38.0,441.0,65.0,19.0,0.01,1.0,0.005,0.0,-0.06000000001222361,99999.93999999999,-0.49,1.0,0.41000000000000003,1.0,0.5400000000081491,0.0,0.9552238805970149,0.0,200.0,98.0,0.03,avellaneda_stoikov,0.0,0.0
6.40321129452559e-12,-0.04,2.83,433.0,993.0,517.0,43.0,433.0,82.0,9.0,0.06999999999999999,10.0,0.05,0.0,-0.03999999999359716,99999.96,-1.1800000000000004,1.0,0.68,4.0,1.1999999999970896,7.0,2.800995024875622,1.5,200.0,99.0,0.5299999999999999,naive_symmetric,0.0,0.0
1.4551970739518083e-11,-0.009999999999999998,2.95,443.0,998.0,512.0,43.0,443.0,86.0,0.0,0.030000000000000002,5.0,0.025,0.0,1.4551915228366852e-11,100000.00000000001,-0.46,1.0,0.16,2.0,0.34999999999126885,7.0,0.835820895522388,2.2,200.0,99.0,0.32999999999999996,inventory_skew,0.0,0.0
0.0,0.0,25.46,448.0,1000.0,521.0,31.0,442.0,52.0,0.0,0.0,0.0,0.0,0.0,0.0,100000.0,0.0,0.0,0.0,0.0,0.0,0.0,0.0,0.0,200.0,99.0,0.0,avellaneda_stoikov,0.0,0.0
